-- phpMyAdmin SQL Dump
-- version 5.2.1
-- https://www.phpmyadmin.net/
--
-- Host: 127.0.0.1
-- Generation Time: Dec 31, 2024 at 06:19 PM
-- Server version: 10.4.32-MariaDB
-- PHP Version: 8.2.12

SET SQL_MODE = "NO_AUTO_VALUE_ON_ZERO";
START TRANSACTION;
SET time_zone = "+00:00";


/*!40101 SET @OLD_CHARACTER_SET_CLIENT=@@CHARACTER_SET_CLIENT */;
/*!40101 SET @OLD_CHARACTER_SET_RESULTS=@@CHARACTER_SET_RESULTS */;
/*!40101 SET @OLD_COLLATION_CONNECTION=@@COLLATION_CONNECTION */;
/*!40101 SET NAMES utf8mb4 */;

--
-- Database: `careerguidancesystem`
--

-- --------------------------------------------------------

--
-- Table structure for table `answers`
--

CREATE TABLE `answers` (
  `id` int(11) NOT NULL,
  `student_id` int(11) DEFAULT NULL,
  `question_id` int(11) DEFAULT NULL,
  `answer` enum('Strongly Disagree','Disagree','Agree','Strongly Agree') NOT NULL,
  `score` int(11) NOT NULL
) ENGINE=InnoDB DEFAULT CHARSET=utf8mb4 COLLATE=utf8mb4_general_ci;

--
-- Dumping data for table `answers`
--

INSERT INTO `answers` (`id`, `student_id`, `question_id`, `answer`, `score`) VALUES
(1, 1, 1, 'Strongly Disagree', 1),
(2, 1, 2, 'Strongly Disagree', 1),
(3, 1, 3, 'Strongly Disagree', 1),
(4, 1, 4, 'Strongly Disagree', 1),
(5, 1, 5, 'Strongly Disagree', 1),
(6, 1, 6, 'Strongly Disagree', 1),
(7, 1, 7, 'Strongly Disagree', 1),
(8, 1, 8, 'Strongly Disagree', 1),
(9, 1, 9, 'Strongly Disagree', 1),
(10, 1, 10, 'Strongly Disagree', 1),
(11, 1, 11, 'Strongly Disagree', 1),
(12, 1, 12, 'Strongly Disagree', 1),
(13, 1, 13, 'Strongly Disagree', 1),
(14, 1, 14, 'Strongly Disagree', 1),
(15, 1, 15, 'Strongly Disagree', 1),
(16, 1, 16, 'Strongly Disagree', 1),
(17, 1, 17, 'Strongly Disagree', 1),
(18, 1, 18, 'Strongly Disagree', 1),
(19, 1, 19, 'Strongly Disagree', 1),
(20, 1, 20, 'Strongly Disagree', 1),
(21, 1, 21, 'Strongly Disagree', 1),
(22, 1, 22, 'Strongly Disagree', 1),
(23, 1, 23, 'Strongly Disagree', 1),
(24, 1, 24, 'Strongly Disagree', 1),
(25, 1, 25, 'Strongly Disagree', 1),
(26, 1, 26, 'Strongly Disagree', 1),
(27, 1, 27, 'Strongly Disagree', 1),
(28, 1, 28, 'Strongly Disagree', 1),
(29, 1, 29, 'Strongly Disagree', 1),
(30, 1, 30, 'Strongly Disagree', 1),
(31, 1, 31, 'Strongly Disagree', 1),
(32, 1, 32, 'Strongly Disagree', 1),
(33, 1, 33, 'Strongly Disagree', 1),
(34, 1, 34, 'Strongly Disagree', 1),
(35, 1, 35, 'Strongly Disagree', 1),
(36, 1, 36, 'Strongly Disagree', 1),
(37, 1, 37, 'Strongly Disagree', 1),
(38, 1, 38, 'Strongly Disagree', 1),
(39, 1, 39, 'Strongly Disagree', 1),
(40, 1, 40, 'Strongly Disagree', 1),
(41, 1, 41, 'Strongly Agree', 4),
(42, 1, 42, 'Strongly Agree', 4),
(43, 1, 43, 'Strongly Agree', 4),
(44, 1, 44, 'Strongly Agree', 4),
(45, 1, 45, 'Strongly Agree', 4),
(46, 1, 46, 'Strongly Agree', 4),
(47, 1, 47, 'Strongly Agree', 4),
(48, 1, 48, 'Strongly Agree', 4),
(49, 1, 49, 'Strongly Agree', 4),
(50, 1, 50, 'Strongly Agree', 4),
(51, 1, 51, 'Strongly Disagree', 1),
(52, 1, 52, 'Strongly Disagree', 1),
(53, 1, 53, 'Strongly Disagree', 1),
(54, 1, 54, 'Strongly Disagree', 1),
(55, 1, 55, 'Strongly Disagree', 1),
(56, 1, 56, 'Strongly Disagree', 1),
(57, 1, 57, 'Strongly Disagree', 1),
(58, 1, 58, 'Strongly Disagree', 1),
(59, 1, 59, 'Strongly Disagree', 1),
(60, 1, 60, 'Strongly Disagree', 1),
(61, 2, 1, 'Strongly Disagree', 1),
(62, 2, 2, 'Strongly Disagree', 1),
(63, 2, 3, 'Strongly Disagree', 1),
(64, 2, 4, 'Strongly Disagree', 1),
(65, 2, 5, 'Strongly Disagree', 1),
(66, 2, 6, 'Strongly Disagree', 1),
(67, 2, 7, 'Strongly Disagree', 1),
(68, 2, 8, 'Strongly Disagree', 1),
(69, 2, 9, 'Strongly Disagree', 1),
(70, 2, 10, 'Strongly Disagree', 1),
(71, 2, 11, 'Strongly Agree', 4),
(72, 2, 12, 'Strongly Agree', 4),
(73, 2, 13, 'Strongly Agree', 4),
(74, 2, 14, 'Strongly Agree', 4),
(75, 2, 15, 'Strongly Agree', 4),
(76, 2, 16, 'Strongly Agree', 4),
(77, 2, 17, 'Strongly Agree', 4),
(78, 2, 18, 'Strongly Agree', 4),
(79, 2, 19, 'Strongly Agree', 4),
(80, 2, 20, 'Strongly Agree', 4),
(81, 2, 21, 'Strongly Disagree', 1),
(82, 2, 22, 'Strongly Disagree', 1),
(83, 2, 23, 'Strongly Disagree', 1),
(84, 2, 24, 'Strongly Disagree', 1),
(85, 2, 25, 'Strongly Disagree', 1),
(86, 2, 26, 'Strongly Disagree', 1),
(87, 2, 27, 'Strongly Disagree', 1),
(88, 2, 28, 'Strongly Disagree', 1),
(89, 2, 29, 'Strongly Disagree', 1),
(90, 2, 30, 'Strongly Disagree', 1),
(91, 2, 31, 'Strongly Disagree', 1),
(92, 2, 32, 'Strongly Disagree', 1),
(93, 2, 33, 'Strongly Disagree', 1),
(94, 2, 34, 'Strongly Disagree', 1),
(95, 2, 35, 'Strongly Disagree', 1),
(96, 2, 36, 'Strongly Disagree', 1),
(97, 2, 37, 'Strongly Disagree', 1),
(98, 2, 38, 'Strongly Disagree', 1),
(99, 2, 39, 'Strongly Disagree', 1),
(100, 2, 40, 'Strongly Disagree', 1),
(101, 2, 41, 'Strongly Disagree', 1),
(102, 2, 42, 'Strongly Disagree', 1),
(103, 2, 43, 'Strongly Disagree', 1),
(104, 2, 44, 'Strongly Disagree', 1),
(105, 2, 45, 'Strongly Disagree', 1),
(106, 2, 46, 'Strongly Disagree', 1),
(107, 2, 47, 'Strongly Disagree', 1),
(108, 2, 48, 'Strongly Disagree', 1),
(109, 2, 49, 'Strongly Disagree', 1),
(110, 2, 50, 'Strongly Disagree', 1),
(111, 2, 51, 'Strongly Disagree', 1),
(112, 2, 52, 'Strongly Disagree', 1),
(113, 2, 53, 'Strongly Disagree', 1),
(114, 2, 54, 'Strongly Disagree', 1),
(115, 2, 55, 'Strongly Disagree', 1),
(116, 2, 56, 'Strongly Disagree', 1),
(117, 2, 57, 'Strongly Disagree', 1),
(118, 2, 58, 'Strongly Disagree', 1),
(119, 2, 59, 'Strongly Disagree', 1),
(120, 2, 60, 'Strongly Disagree', 1),
(121, 3, 1, 'Strongly Disagree', 1),
(122, 3, 2, 'Strongly Disagree', 1),
(123, 3, 3, 'Strongly Disagree', 1),
(124, 3, 4, 'Strongly Disagree', 1),
(125, 3, 5, 'Strongly Disagree', 1),
(126, 3, 6, 'Strongly Disagree', 1),
(127, 3, 7, 'Strongly Disagree', 1),
(128, 3, 8, 'Strongly Disagree', 1),
(129, 3, 9, 'Strongly Disagree', 1),
(130, 3, 10, 'Strongly Disagree', 1),
(131, 3, 11, 'Strongly Agree', 4),
(132, 3, 12, 'Strongly Agree', 4),
(133, 3, 13, 'Strongly Agree', 4),
(134, 3, 14, 'Strongly Agree', 4),
(135, 3, 15, 'Strongly Agree', 4),
(136, 3, 16, 'Strongly Agree', 4),
(137, 3, 17, 'Strongly Agree', 4),
(138, 3, 18, 'Strongly Agree', 4),
(139, 3, 19, 'Strongly Agree', 4),
(140, 3, 20, 'Strongly Agree', 4),
(141, 3, 21, 'Strongly Disagree', 1),
(142, 3, 22, 'Strongly Disagree', 1),
(143, 3, 23, 'Strongly Disagree', 1),
(144, 3, 24, 'Strongly Disagree', 1),
(145, 3, 25, 'Strongly Disagree', 1),
(146, 3, 26, 'Strongly Disagree', 1),
(147, 3, 27, 'Strongly Disagree', 1),
(148, 3, 28, 'Strongly Disagree', 1),
(149, 3, 29, 'Strongly Disagree', 1),
(150, 3, 30, 'Strongly Disagree', 1),
(151, 3, 31, 'Strongly Disagree', 1),
(152, 3, 32, 'Strongly Disagree', 1),
(153, 3, 33, 'Strongly Disagree', 1),
(154, 3, 34, 'Strongly Disagree', 1),
(155, 3, 35, 'Strongly Disagree', 1),
(156, 3, 36, 'Strongly Disagree', 1),
(157, 3, 37, 'Strongly Disagree', 1),
(158, 3, 38, 'Strongly Disagree', 1),
(159, 3, 39, 'Strongly Disagree', 1),
(160, 3, 40, 'Strongly Disagree', 1),
(161, 3, 41, 'Strongly Disagree', 1),
(162, 3, 42, 'Strongly Disagree', 1),
(163, 3, 43, 'Strongly Disagree', 1),
(164, 3, 44, 'Strongly Disagree', 1),
(165, 3, 45, 'Strongly Disagree', 1),
(166, 3, 46, 'Strongly Disagree', 1),
(167, 3, 47, 'Strongly Disagree', 1),
(168, 3, 48, 'Strongly Disagree', 1),
(169, 3, 49, 'Strongly Disagree', 1),
(170, 3, 50, 'Strongly Disagree', 1),
(171, 3, 51, 'Strongly Disagree', 1),
(172, 3, 52, 'Strongly Disagree', 1),
(173, 3, 53, 'Strongly Disagree', 1),
(174, 3, 54, 'Strongly Disagree', 1),
(175, 3, 55, 'Strongly Disagree', 1),
(176, 3, 56, 'Strongly Disagree', 1),
(177, 3, 57, 'Strongly Disagree', 1),
(178, 3, 58, 'Strongly Disagree', 1),
(179, 3, 59, 'Strongly Disagree', 1),
(180, 3, 60, 'Strongly Disagree', 1),
(181, 4, 1, 'Strongly Disagree', 1),
(182, 4, 2, 'Strongly Disagree', 1),
(183, 4, 3, 'Strongly Disagree', 1),
(184, 4, 4, 'Strongly Disagree', 1),
(185, 4, 5, 'Strongly Disagree', 1),
(186, 4, 6, 'Strongly Disagree', 1),
(187, 4, 7, 'Strongly Disagree', 1),
(188, 4, 8, 'Strongly Disagree', 1),
(189, 4, 9, 'Strongly Disagree', 1),
(190, 4, 10, 'Strongly Disagree', 1),
(191, 4, 11, 'Strongly Disagree', 1),
(192, 4, 12, 'Strongly Disagree', 1),
(193, 4, 13, 'Strongly Disagree', 1),
(194, 4, 14, 'Strongly Disagree', 1),
(195, 4, 15, 'Strongly Disagree', 1),
(196, 4, 16, 'Strongly Disagree', 1),
(197, 4, 17, 'Strongly Disagree', 1),
(198, 4, 18, 'Strongly Disagree', 1),
(199, 4, 19, 'Strongly Disagree', 1),
(200, 4, 20, 'Strongly Disagree', 1),
(201, 4, 21, 'Strongly Disagree', 1),
(202, 4, 22, 'Strongly Disagree', 1),
(203, 4, 23, 'Strongly Disagree', 1),
(204, 4, 24, 'Strongly Disagree', 1),
(205, 4, 25, 'Strongly Disagree', 1),
(206, 4, 26, 'Strongly Disagree', 1),
(207, 4, 27, 'Strongly Disagree', 1),
(208, 4, 28, 'Strongly Disagree', 1),
(209, 4, 29, 'Strongly Disagree', 1),
(210, 4, 30, 'Strongly Disagree', 1),
(211, 4, 31, 'Strongly Agree', 4),
(212, 4, 32, 'Strongly Agree', 4),
(213, 4, 33, 'Strongly Agree', 4),
(214, 4, 34, 'Strongly Agree', 4),
(215, 4, 35, 'Strongly Agree', 4),
(216, 4, 36, 'Strongly Agree', 4),
(217, 4, 37, 'Strongly Agree', 4),
(218, 4, 38, 'Strongly Agree', 4),
(219, 4, 39, 'Strongly Agree', 4),
(220, 4, 40, 'Strongly Agree', 4),
(221, 4, 41, 'Strongly Disagree', 1),
(222, 4, 42, 'Strongly Disagree', 1),
(223, 4, 43, 'Strongly Disagree', 1),
(224, 4, 44, 'Strongly Disagree', 1),
(225, 4, 45, 'Strongly Disagree', 1),
(226, 4, 46, 'Strongly Disagree', 1),
(227, 4, 47, 'Strongly Disagree', 1),
(228, 4, 48, 'Strongly Disagree', 1),
(229, 4, 49, 'Strongly Disagree', 1),
(230, 4, 50, 'Strongly Disagree', 1),
(231, 4, 51, 'Strongly Disagree', 1),
(232, 4, 52, 'Strongly Disagree', 1),
(233, 4, 53, 'Strongly Disagree', 1),
(234, 4, 54, 'Strongly Disagree', 1),
(235, 4, 55, 'Strongly Disagree', 1),
(236, 4, 56, 'Strongly Disagree', 1),
(237, 4, 57, 'Strongly Disagree', 1),
(238, 4, 58, 'Strongly Disagree', 1),
(239, 4, 59, 'Strongly Disagree', 1),
(240, 4, 60, 'Strongly Disagree', 1),
(241, 5, 1, 'Strongly Disagree', 1),
(242, 5, 2, 'Strongly Disagree', 1),
(243, 5, 3, 'Strongly Disagree', 1),
(244, 5, 4, 'Strongly Disagree', 1),
(245, 5, 5, 'Strongly Disagree', 1),
(246, 5, 6, 'Strongly Disagree', 1),
(247, 5, 7, 'Strongly Disagree', 1),
(248, 5, 8, 'Strongly Disagree', 1),
(249, 5, 9, 'Strongly Disagree', 1),
(250, 5, 10, 'Strongly Disagree', 1),
(251, 5, 11, 'Strongly Disagree', 1),
(252, 5, 12, 'Strongly Disagree', 1),
(253, 5, 13, 'Strongly Disagree', 1),
(254, 5, 14, 'Strongly Disagree', 1),
(255, 5, 15, 'Strongly Disagree', 1),
(256, 5, 16, 'Strongly Disagree', 1),
(257, 5, 17, 'Strongly Disagree', 1),
(258, 5, 18, 'Strongly Disagree', 1),
(259, 5, 19, 'Strongly Disagree', 1),
(260, 5, 20, 'Strongly Disagree', 1),
(261, 5, 21, 'Strongly Agree', 4),
(262, 5, 22, 'Strongly Agree', 4),
(263, 5, 23, 'Strongly Agree', 4),
(264, 5, 24, 'Strongly Agree', 4),
(265, 5, 25, 'Strongly Agree', 4),
(266, 5, 26, 'Strongly Agree', 4),
(267, 5, 27, 'Strongly Agree', 4),
(268, 5, 28, 'Strongly Agree', 4),
(269, 5, 29, 'Strongly Agree', 4),
(270, 5, 30, 'Strongly Agree', 4),
(271, 5, 31, 'Strongly Disagree', 1),
(272, 5, 32, 'Strongly Disagree', 1),
(273, 5, 33, 'Strongly Disagree', 1),
(274, 5, 34, 'Strongly Disagree', 1),
(275, 5, 35, 'Strongly Disagree', 1),
(276, 5, 36, 'Strongly Disagree', 1),
(277, 5, 37, 'Strongly Disagree', 1),
(278, 5, 38, 'Strongly Disagree', 1),
(279, 5, 39, 'Strongly Disagree', 1),
(280, 5, 40, 'Strongly Disagree', 1),
(281, 5, 41, 'Strongly Disagree', 1),
(282, 5, 42, 'Strongly Disagree', 1),
(283, 5, 43, 'Strongly Disagree', 1),
(284, 5, 44, 'Strongly Disagree', 1),
(285, 5, 45, 'Strongly Disagree', 1),
(286, 5, 46, 'Strongly Disagree', 1),
(287, 5, 47, 'Strongly Disagree', 1),
(288, 5, 48, 'Strongly Disagree', 1),
(289, 5, 49, 'Strongly Disagree', 1),
(290, 5, 50, 'Strongly Disagree', 1),
(291, 5, 51, 'Strongly Disagree', 1),
(292, 5, 52, 'Strongly Disagree', 1),
(293, 5, 53, 'Strongly Disagree', 1),
(294, 5, 54, 'Strongly Disagree', 1),
(295, 5, 55, 'Strongly Disagree', 1),
(296, 5, 56, 'Strongly Disagree', 1),
(297, 5, 57, 'Strongly Disagree', 1),
(298, 5, 58, 'Strongly Disagree', 1),
(299, 5, 59, 'Strongly Disagree', 1),
(300, 5, 60, 'Strongly Disagree', 1),
(301, 6, 1, 'Strongly Disagree', 1),
(302, 6, 2, 'Strongly Disagree', 1),
(303, 6, 3, 'Strongly Disagree', 1),
(304, 6, 4, 'Strongly Disagree', 1),
(305, 6, 5, 'Strongly Disagree', 1),
(306, 6, 6, 'Strongly Disagree', 1),
(307, 6, 7, 'Strongly Disagree', 1),
(308, 6, 8, 'Strongly Disagree', 1),
(309, 6, 9, 'Strongly Disagree', 1),
(310, 6, 10, 'Strongly Disagree', 1),
(311, 6, 11, 'Strongly Disagree', 1),
(312, 6, 12, 'Strongly Disagree', 1),
(313, 6, 13, 'Strongly Disagree', 1),
(314, 6, 14, 'Strongly Disagree', 1),
(315, 6, 15, 'Strongly Disagree', 1),
(316, 6, 16, 'Strongly Disagree', 1),
(317, 6, 17, 'Strongly Disagree', 1),
(318, 6, 18, 'Strongly Disagree', 1),
(319, 6, 19, 'Strongly Disagree', 1),
(320, 6, 20, 'Strongly Disagree', 1),
(321, 6, 21, 'Strongly Agree', 4),
(322, 6, 22, 'Strongly Agree', 4),
(323, 6, 23, 'Strongly Agree', 4),
(324, 6, 24, 'Strongly Agree', 4),
(325, 6, 25, 'Strongly Agree', 4),
(326, 6, 26, 'Strongly Agree', 4),
(327, 6, 27, 'Strongly Agree', 4),
(328, 6, 28, 'Strongly Agree', 4),
(329, 6, 29, 'Strongly Agree', 4),
(330, 6, 30, 'Strongly Agree', 4),
(331, 6, 31, 'Strongly Disagree', 1),
(332, 6, 32, 'Strongly Disagree', 1),
(333, 6, 33, 'Strongly Disagree', 1),
(334, 6, 34, 'Strongly Disagree', 1),
(335, 6, 35, 'Strongly Disagree', 1),
(336, 6, 36, 'Strongly Disagree', 1),
(337, 6, 37, 'Strongly Disagree', 1),
(338, 6, 38, 'Strongly Disagree', 1),
(339, 6, 39, 'Strongly Disagree', 1),
(340, 6, 40, 'Strongly Disagree', 1),
(341, 6, 41, 'Strongly Disagree', 1),
(342, 6, 42, 'Strongly Disagree', 1),
(343, 6, 43, 'Strongly Disagree', 1),
(344, 6, 44, 'Strongly Disagree', 1),
(345, 6, 45, 'Strongly Disagree', 1),
(346, 6, 46, 'Strongly Disagree', 1),
(347, 6, 47, 'Strongly Disagree', 1),
(348, 6, 48, 'Strongly Disagree', 1),
(349, 6, 49, 'Strongly Disagree', 1),
(350, 6, 50, 'Strongly Disagree', 1),
(351, 6, 51, 'Strongly Disagree', 1),
(352, 6, 52, 'Strongly Disagree', 1),
(353, 6, 53, 'Strongly Disagree', 1),
(354, 6, 54, 'Strongly Disagree', 1),
(355, 6, 55, 'Strongly Disagree', 1),
(356, 6, 56, 'Strongly Disagree', 1),
(357, 6, 57, 'Strongly Disagree', 1),
(358, 6, 58, 'Strongly Disagree', 1),
(359, 6, 59, 'Strongly Disagree', 1),
(360, 6, 60, 'Strongly Disagree', 1),
(361, 7, 1, 'Strongly Disagree', 1),
(362, 7, 2, 'Strongly Disagree', 1),
(363, 7, 3, 'Strongly Disagree', 1),
(364, 7, 4, 'Strongly Disagree', 1),
(365, 7, 5, 'Strongly Disagree', 1),
(366, 7, 6, 'Strongly Disagree', 1),
(367, 7, 7, 'Strongly Disagree', 1),
(368, 7, 8, 'Strongly Disagree', 1),
(369, 7, 9, 'Strongly Disagree', 1),
(370, 7, 10, 'Strongly Disagree', 1),
(371, 7, 11, 'Strongly Disagree', 1),
(372, 7, 12, 'Strongly Disagree', 1),
(373, 7, 13, 'Strongly Disagree', 1),
(374, 7, 14, 'Strongly Disagree', 1),
(375, 7, 15, 'Strongly Disagree', 1),
(376, 7, 16, 'Strongly Disagree', 1),
(377, 7, 17, 'Strongly Disagree', 1),
(378, 7, 18, 'Strongly Disagree', 1),
(379, 7, 19, 'Strongly Disagree', 1),
(380, 7, 20, 'Strongly Disagree', 1),
(381, 7, 21, 'Strongly Disagree', 1),
(382, 7, 22, 'Strongly Disagree', 1),
(383, 7, 23, 'Strongly Disagree', 1),
(384, 7, 24, 'Strongly Disagree', 1),
(385, 7, 25, 'Strongly Disagree', 1),
(386, 7, 26, 'Strongly Disagree', 1),
(387, 7, 27, 'Strongly Disagree', 1),
(388, 7, 28, 'Strongly Disagree', 1),
(389, 7, 29, 'Strongly Disagree', 1),
(390, 7, 30, 'Strongly Disagree', 1),
(391, 7, 31, 'Strongly Agree', 4),
(392, 7, 32, 'Strongly Agree', 4),
(393, 7, 33, 'Strongly Agree', 4),
(394, 7, 34, 'Strongly Agree', 4),
(395, 7, 35, 'Strongly Agree', 4),
(396, 7, 36, 'Strongly Agree', 4),
(397, 7, 37, 'Strongly Agree', 4),
(398, 7, 38, 'Strongly Agree', 4),
(399, 7, 39, 'Strongly Agree', 4),
(400, 7, 40, 'Strongly Agree', 4),
(401, 7, 41, 'Strongly Disagree', 1),
(402, 7, 42, 'Strongly Disagree', 1),
(403, 7, 43, 'Strongly Disagree', 1),
(404, 7, 44, 'Strongly Disagree', 1),
(405, 7, 45, 'Strongly Disagree', 1),
(406, 7, 46, 'Strongly Disagree', 1),
(407, 7, 47, 'Strongly Disagree', 1),
(408, 7, 48, 'Strongly Disagree', 1),
(409, 7, 49, 'Strongly Disagree', 1),
(410, 7, 50, 'Strongly Disagree', 1),
(411, 7, 51, 'Strongly Disagree', 1),
(412, 7, 52, 'Strongly Disagree', 1),
(413, 7, 53, 'Strongly Disagree', 1),
(414, 7, 54, 'Strongly Disagree', 1),
(415, 7, 55, 'Strongly Disagree', 1),
(416, 7, 56, 'Strongly Disagree', 1),
(417, 7, 57, 'Strongly Disagree', 1),
(418, 7, 58, 'Strongly Disagree', 1),
(419, 7, 59, 'Strongly Disagree', 1),
(420, 7, 60, 'Strongly Disagree', 1),
(421, 8, 1, 'Strongly Agree', 4),
(422, 8, 2, 'Strongly Agree', 4),
(423, 8, 3, 'Strongly Agree', 4),
(424, 8, 4, 'Strongly Agree', 4),
(425, 8, 5, 'Strongly Agree', 4),
(426, 8, 6, 'Strongly Agree', 4),
(427, 8, 7, 'Strongly Agree', 4),
(428, 8, 8, 'Strongly Agree', 4),
(429, 8, 9, 'Strongly Agree', 4),
(430, 8, 10, 'Strongly Agree', 4),
(431, 8, 11, 'Strongly Disagree', 1),
(432, 8, 12, 'Strongly Disagree', 1),
(433, 8, 13, 'Strongly Disagree', 1),
(434, 8, 14, 'Strongly Disagree', 1),
(435, 8, 15, 'Strongly Disagree', 1),
(436, 8, 16, 'Strongly Disagree', 1),
(437, 8, 17, 'Strongly Disagree', 1),
(438, 8, 18, 'Strongly Disagree', 1),
(439, 8, 19, 'Strongly Disagree', 1),
(440, 8, 20, 'Strongly Disagree', 1),
(441, 8, 21, 'Strongly Disagree', 1),
(442, 8, 22, 'Strongly Disagree', 1),
(443, 8, 23, 'Strongly Disagree', 1),
(444, 8, 24, 'Strongly Disagree', 1),
(445, 8, 25, 'Strongly Disagree', 1),
(446, 8, 26, 'Strongly Disagree', 1),
(447, 8, 27, 'Strongly Disagree', 1),
(448, 8, 28, 'Strongly Disagree', 1),
(449, 8, 29, 'Strongly Disagree', 1),
(450, 8, 30, 'Strongly Disagree', 1),
(451, 8, 31, 'Strongly Disagree', 1),
(452, 8, 32, 'Strongly Disagree', 1),
(453, 8, 33, 'Strongly Disagree', 1),
(454, 8, 34, 'Strongly Disagree', 1),
(455, 8, 35, 'Strongly Disagree', 1),
(456, 8, 36, 'Strongly Disagree', 1),
(457, 8, 37, 'Strongly Disagree', 1),
(458, 8, 38, 'Strongly Disagree', 1),
(459, 8, 39, 'Strongly Disagree', 1),
(460, 8, 40, 'Strongly Disagree', 1),
(461, 8, 41, 'Strongly Disagree', 1),
(462, 8, 42, 'Strongly Disagree', 1),
(463, 8, 43, 'Strongly Disagree', 1),
(464, 8, 44, 'Strongly Disagree', 1),
(465, 8, 45, 'Strongly Disagree', 1),
(466, 8, 46, 'Strongly Disagree', 1),
(467, 8, 47, 'Strongly Disagree', 1),
(468, 8, 48, 'Strongly Disagree', 1),
(469, 8, 49, 'Strongly Disagree', 1),
(470, 8, 50, 'Strongly Disagree', 1),
(471, 8, 51, 'Strongly Disagree', 1),
(472, 8, 52, 'Strongly Disagree', 1),
(473, 8, 53, 'Strongly Disagree', 1),
(474, 8, 54, 'Strongly Disagree', 1),
(475, 8, 55, 'Strongly Disagree', 1),
(476, 8, 56, 'Strongly Disagree', 1),
(477, 8, 57, 'Strongly Disagree', 1),
(478, 8, 58, 'Strongly Disagree', 1),
(479, 8, 59, 'Strongly Disagree', 1),
(480, 8, 60, 'Strongly Disagree', 1),
(481, 9, 1, 'Strongly Disagree', 1),
(482, 9, 2, 'Strongly Disagree', 1),
(483, 9, 3, 'Strongly Disagree', 1),
(484, 9, 4, 'Strongly Disagree', 1),
(485, 9, 5, 'Strongly Disagree', 1),
(486, 9, 6, 'Strongly Disagree', 1),
(487, 9, 7, 'Strongly Disagree', 1),
(488, 9, 8, 'Strongly Disagree', 1),
(489, 9, 9, 'Strongly Disagree', 1),
(490, 9, 10, 'Strongly Disagree', 1),
(491, 9, 11, 'Strongly Disagree', 1),
(492, 9, 12, 'Strongly Disagree', 1),
(493, 9, 13, 'Strongly Disagree', 1),
(494, 9, 14, 'Strongly Disagree', 1),
(495, 9, 15, 'Strongly Disagree', 1),
(496, 9, 16, 'Strongly Disagree', 1),
(497, 9, 17, 'Strongly Disagree', 1),
(498, 9, 18, 'Strongly Disagree', 1),
(499, 9, 19, 'Strongly Disagree', 1),
(500, 9, 20, 'Strongly Disagree', 1),
(501, 9, 21, 'Strongly Disagree', 1),
(502, 9, 22, 'Strongly Disagree', 1),
(503, 9, 23, 'Strongly Disagree', 1),
(504, 9, 24, 'Strongly Disagree', 1),
(505, 9, 25, 'Strongly Disagree', 1),
(506, 9, 26, 'Strongly Disagree', 1),
(507, 9, 27, 'Strongly Disagree', 1),
(508, 9, 28, 'Strongly Disagree', 1),
(509, 9, 29, 'Strongly Disagree', 1),
(510, 9, 30, 'Strongly Disagree', 1),
(511, 9, 31, 'Strongly Disagree', 1),
(512, 9, 32, 'Strongly Disagree', 1),
(513, 9, 33, 'Strongly Disagree', 1),
(514, 9, 34, 'Strongly Disagree', 1),
(515, 9, 35, 'Strongly Disagree', 1),
(516, 9, 36, 'Strongly Disagree', 1),
(517, 9, 37, 'Strongly Disagree', 1),
(518, 9, 38, 'Strongly Disagree', 1),
(519, 9, 39, 'Strongly Disagree', 1),
(520, 9, 40, 'Strongly Disagree', 1),
(521, 9, 41, 'Strongly Disagree', 1),
(522, 9, 42, 'Strongly Disagree', 1),
(523, 9, 43, 'Strongly Disagree', 1),
(524, 9, 44, 'Strongly Disagree', 1),
(525, 9, 45, 'Strongly Disagree', 1),
(526, 9, 46, 'Strongly Disagree', 1),
(527, 9, 47, 'Strongly Disagree', 1),
(528, 9, 48, 'Strongly Disagree', 1),
(529, 9, 49, 'Strongly Disagree', 1),
(530, 9, 50, 'Strongly Disagree', 1),
(531, 9, 51, 'Strongly Agree', 4),
(532, 9, 52, 'Strongly Agree', 4),
(533, 9, 53, 'Strongly Agree', 4),
(534, 9, 54, 'Strongly Agree', 4),
(535, 9, 55, 'Strongly Agree', 4),
(536, 9, 56, 'Strongly Agree', 4),
(537, 9, 57, 'Strongly Agree', 4),
(538, 9, 58, 'Strongly Agree', 4),
(539, 9, 59, 'Strongly Agree', 4),
(540, 9, 60, 'Strongly Agree', 4),
(541, 10, 1, 'Strongly Disagree', 1),
(542, 10, 2, 'Strongly Disagree', 1),
(543, 10, 3, 'Strongly Disagree', 1),
(544, 10, 4, 'Strongly Disagree', 1),
(545, 10, 5, 'Strongly Disagree', 1),
(546, 10, 6, 'Strongly Disagree', 1),
(547, 10, 7, 'Strongly Disagree', 1),
(548, 10, 8, 'Strongly Disagree', 1),
(549, 10, 9, 'Strongly Disagree', 1),
(550, 10, 10, 'Strongly Disagree', 1),
(551, 10, 11, 'Strongly Disagree', 1),
(552, 10, 12, 'Strongly Disagree', 1),
(553, 10, 13, 'Strongly Disagree', 1),
(554, 10, 14, 'Strongly Disagree', 1),
(555, 10, 15, 'Strongly Disagree', 1),
(556, 10, 16, 'Strongly Disagree', 1),
(557, 10, 17, 'Strongly Disagree', 1),
(558, 10, 18, 'Strongly Disagree', 1),
(559, 10, 19, 'Strongly Disagree', 1),
(560, 10, 20, 'Strongly Disagree', 1),
(561, 10, 21, 'Strongly Disagree', 1),
(562, 10, 22, 'Strongly Disagree', 1),
(563, 10, 23, 'Strongly Disagree', 1),
(564, 10, 24, 'Strongly Disagree', 1),
(565, 10, 25, 'Strongly Disagree', 1),
(566, 10, 26, 'Strongly Disagree', 1),
(567, 10, 27, 'Strongly Disagree', 1),
(568, 10, 28, 'Strongly Disagree', 1),
(569, 10, 29, 'Strongly Disagree', 1),
(570, 10, 30, 'Strongly Disagree', 1),
(571, 10, 31, 'Strongly Disagree', 1),
(572, 10, 32, 'Strongly Disagree', 1),
(573, 10, 33, 'Strongly Disagree', 1),
(574, 10, 34, 'Strongly Disagree', 1),
(575, 10, 35, 'Strongly Disagree', 1),
(576, 10, 36, 'Strongly Disagree', 1),
(577, 10, 37, 'Strongly Disagree', 1),
(578, 10, 38, 'Strongly Disagree', 1),
(579, 10, 39, 'Strongly Disagree', 1),
(580, 10, 40, 'Strongly Disagree', 1),
(581, 10, 41, 'Strongly Agree', 4),
(582, 10, 42, 'Strongly Agree', 4),
(583, 10, 43, 'Strongly Agree', 4),
(584, 10, 44, 'Strongly Agree', 4),
(585, 10, 45, 'Strongly Agree', 4),
(586, 10, 46, 'Strongly Agree', 4),
(587, 10, 47, 'Strongly Agree', 4),
(588, 10, 48, 'Strongly Agree', 4),
(589, 10, 49, 'Strongly Agree', 4),
(590, 10, 50, 'Strongly Agree', 4),
(591, 10, 51, 'Strongly Disagree', 1),
(592, 10, 52, 'Strongly Disagree', 1),
(593, 10, 53, 'Strongly Disagree', 1),
(594, 10, 54, 'Strongly Disagree', 1),
(595, 10, 55, 'Strongly Disagree', 1),
(596, 10, 56, 'Strongly Disagree', 1),
(597, 10, 57, 'Strongly Disagree', 1),
(598, 10, 58, 'Strongly Disagree', 1),
(599, 10, 59, 'Strongly Disagree', 1),
(600, 10, 60, 'Strongly Disagree', 1),
(601, 11, 1, 'Strongly Disagree', 1),
(602, 11, 2, 'Strongly Disagree', 1),
(603, 11, 3, 'Strongly Disagree', 1),
(604, 11, 4, 'Strongly Disagree', 1),
(605, 11, 5, 'Strongly Disagree', 1),
(606, 11, 6, 'Strongly Disagree', 1),
(607, 11, 7, 'Strongly Disagree', 1),
(608, 11, 8, 'Strongly Disagree', 1),
(609, 11, 9, 'Strongly Disagree', 1),
(610, 11, 10, 'Strongly Disagree', 1),
(611, 11, 11, 'Strongly Agree', 4),
(612, 11, 12, 'Strongly Agree', 4),
(613, 11, 13, 'Strongly Agree', 4),
(614, 11, 14, 'Strongly Agree', 4),
(615, 11, 15, 'Strongly Agree', 4),
(616, 11, 16, 'Strongly Agree', 4),
(617, 11, 17, 'Strongly Agree', 4),
(618, 11, 18, 'Strongly Agree', 4),
(619, 11, 19, 'Strongly Agree', 4),
(620, 11, 20, 'Strongly Agree', 4),
(621, 11, 21, 'Strongly Disagree', 1),
(622, 11, 22, 'Strongly Disagree', 1),
(623, 11, 23, 'Strongly Disagree', 1),
(624, 11, 24, 'Strongly Disagree', 1),
(625, 11, 25, 'Strongly Disagree', 1),
(626, 11, 26, 'Strongly Disagree', 1),
(627, 11, 27, 'Strongly Disagree', 1),
(628, 11, 28, 'Strongly Disagree', 1),
(629, 11, 29, 'Strongly Disagree', 1),
(630, 11, 30, 'Strongly Disagree', 1),
(631, 11, 31, 'Strongly Disagree', 1),
(632, 11, 32, 'Strongly Disagree', 1),
(633, 11, 33, 'Strongly Disagree', 1),
(634, 11, 34, 'Strongly Disagree', 1),
(635, 11, 35, 'Strongly Disagree', 1),
(636, 11, 36, 'Strongly Disagree', 1),
(637, 11, 37, 'Strongly Disagree', 1),
(638, 11, 38, 'Strongly Disagree', 1),
(639, 11, 39, 'Strongly Disagree', 1),
(640, 11, 40, 'Strongly Disagree', 1),
(641, 11, 41, 'Strongly Disagree', 1),
(642, 11, 42, 'Strongly Disagree', 1),
(643, 11, 43, 'Strongly Disagree', 1),
(644, 11, 44, 'Strongly Disagree', 1),
(645, 11, 45, 'Strongly Disagree', 1),
(646, 11, 46, 'Strongly Disagree', 1),
(647, 11, 47, 'Strongly Disagree', 1),
(648, 11, 48, 'Strongly Disagree', 1),
(649, 11, 49, 'Strongly Disagree', 1),
(650, 11, 50, 'Strongly Disagree', 1),
(651, 11, 51, 'Strongly Disagree', 1),
(652, 11, 52, 'Strongly Disagree', 1),
(653, 11, 53, 'Strongly Disagree', 1),
(654, 11, 54, 'Strongly Disagree', 1),
(655, 11, 55, 'Strongly Disagree', 1),
(656, 11, 56, 'Strongly Disagree', 1),
(657, 11, 57, 'Strongly Disagree', 1),
(658, 11, 58, 'Strongly Disagree', 1),
(659, 11, 59, 'Strongly Disagree', 1),
(660, 11, 60, 'Strongly Disagree', 1),
(661, 12, 1, 'Strongly Disagree', 1),
(662, 12, 2, 'Strongly Disagree', 1),
(663, 12, 3, 'Strongly Disagree', 1),
(664, 12, 4, 'Strongly Disagree', 1),
(665, 12, 5, 'Strongly Disagree', 1),
(666, 12, 6, 'Strongly Disagree', 1),
(667, 12, 7, 'Strongly Disagree', 1),
(668, 12, 8, 'Strongly Disagree', 1),
(669, 12, 9, 'Strongly Disagree', 1),
(670, 12, 10, 'Strongly Disagree', 1),
(671, 12, 11, 'Strongly Disagree', 1),
(672, 12, 12, 'Strongly Disagree', 1),
(673, 12, 13, 'Strongly Disagree', 1),
(674, 12, 14, 'Strongly Disagree', 1),
(675, 12, 15, 'Strongly Disagree', 1),
(676, 12, 16, 'Strongly Disagree', 1),
(677, 12, 17, 'Strongly Disagree', 1),
(678, 12, 18, 'Strongly Disagree', 1),
(679, 12, 19, 'Strongly Disagree', 1),
(680, 12, 20, 'Strongly Disagree', 1),
(681, 12, 21, 'Strongly Disagree', 1),
(682, 12, 22, 'Strongly Disagree', 1),
(683, 12, 23, 'Strongly Disagree', 1),
(684, 12, 24, 'Strongly Disagree', 1),
(685, 12, 25, 'Strongly Disagree', 1),
(686, 12, 26, 'Strongly Disagree', 1),
(687, 12, 27, 'Strongly Disagree', 1),
(688, 12, 28, 'Strongly Disagree', 1),
(689, 12, 29, 'Strongly Disagree', 1),
(690, 12, 30, 'Strongly Disagree', 1),
(691, 12, 31, 'Strongly Disagree', 1),
(692, 12, 32, 'Strongly Disagree', 1),
(693, 12, 33, 'Strongly Disagree', 1),
(694, 12, 34, 'Strongly Disagree', 1),
(695, 12, 35, 'Strongly Disagree', 1),
(696, 12, 36, 'Strongly Disagree', 1),
(697, 12, 37, 'Strongly Disagree', 1),
(698, 12, 38, 'Strongly Disagree', 1),
(699, 12, 39, 'Strongly Disagree', 1),
(700, 12, 40, 'Strongly Disagree', 1),
(701, 12, 41, 'Strongly Disagree', 1),
(702, 12, 42, 'Strongly Disagree', 1),
(703, 12, 43, 'Strongly Disagree', 1),
(704, 12, 44, 'Strongly Disagree', 1),
(705, 12, 45, 'Strongly Disagree', 1),
(706, 12, 46, 'Strongly Disagree', 1),
(707, 12, 47, 'Strongly Disagree', 1),
(708, 12, 48, 'Strongly Disagree', 1),
(709, 12, 49, 'Strongly Disagree', 1),
(710, 12, 50, 'Strongly Disagree', 1),
(711, 12, 51, 'Strongly Agree', 4),
(712, 12, 52, 'Strongly Agree', 4),
(713, 12, 53, 'Strongly Agree', 4),
(714, 12, 54, 'Strongly Agree', 4),
(715, 12, 55, 'Strongly Agree', 4),
(716, 12, 56, 'Strongly Agree', 4),
(717, 12, 57, 'Strongly Agree', 4),
(718, 12, 58, 'Strongly Agree', 4),
(719, 12, 59, 'Strongly Agree', 4),
(720, 12, 60, 'Strongly Agree', 4),
(721, 13, 1, 'Strongly Disagree', 1),
(722, 13, 2, 'Strongly Disagree', 1),
(723, 13, 3, 'Strongly Disagree', 1),
(724, 13, 4, 'Strongly Disagree', 1),
(725, 13, 5, 'Strongly Disagree', 1),
(726, 13, 6, 'Strongly Disagree', 1),
(727, 13, 7, 'Strongly Disagree', 1),
(728, 13, 8, 'Strongly Disagree', 1),
(729, 13, 9, 'Strongly Disagree', 1),
(730, 13, 10, 'Strongly Disagree', 1),
(731, 13, 11, 'Strongly Disagree', 1),
(732, 13, 12, 'Strongly Disagree', 1),
(733, 13, 13, 'Strongly Disagree', 1),
(734, 13, 14, 'Strongly Disagree', 1),
(735, 13, 15, 'Strongly Disagree', 1),
(736, 13, 16, 'Strongly Disagree', 1),
(737, 13, 17, 'Strongly Disagree', 1),
(738, 13, 18, 'Strongly Disagree', 1),
(739, 13, 19, 'Strongly Disagree', 1),
(740, 13, 20, 'Strongly Disagree', 1),
(741, 13, 21, 'Strongly Agree', 4),
(742, 13, 22, 'Strongly Agree', 4),
(743, 13, 23, 'Strongly Agree', 4),
(744, 13, 24, 'Strongly Agree', 4),
(745, 13, 25, 'Strongly Agree', 4),
(746, 13, 26, 'Strongly Agree', 4),
(747, 13, 27, 'Strongly Agree', 4),
(748, 13, 28, 'Strongly Agree', 4),
(749, 13, 29, 'Strongly Agree', 4),
(750, 13, 30, 'Strongly Agree', 4),
(751, 13, 31, 'Strongly Disagree', 1),
(752, 13, 32, 'Strongly Disagree', 1),
(753, 13, 33, 'Strongly Disagree', 1),
(754, 13, 34, 'Strongly Disagree', 1),
(755, 13, 35, 'Strongly Disagree', 1),
(756, 13, 36, 'Strongly Disagree', 1),
(757, 13, 37, 'Strongly Disagree', 1),
(758, 13, 38, 'Strongly Disagree', 1),
(759, 13, 39, 'Strongly Disagree', 1),
(760, 13, 40, 'Strongly Disagree', 1),
(761, 13, 41, 'Strongly Disagree', 1),
(762, 13, 42, 'Strongly Disagree', 1),
(763, 13, 43, 'Strongly Disagree', 1),
(764, 13, 44, 'Strongly Disagree', 1),
(765, 13, 45, 'Strongly Disagree', 1),
(766, 13, 46, 'Strongly Disagree', 1),
(767, 13, 47, 'Strongly Disagree', 1),
(768, 13, 48, 'Strongly Disagree', 1),
(769, 13, 49, 'Strongly Disagree', 1),
(770, 13, 50, 'Strongly Disagree', 1),
(771, 13, 51, 'Strongly Disagree', 1),
(772, 13, 52, 'Strongly Disagree', 1),
(773, 13, 53, 'Strongly Disagree', 1),
(774, 13, 54, 'Strongly Disagree', 1),
(775, 13, 55, 'Strongly Disagree', 1),
(776, 13, 56, 'Strongly Disagree', 1),
(777, 13, 57, 'Strongly Disagree', 1),
(778, 13, 58, 'Strongly Disagree', 1),
(779, 13, 59, 'Strongly Disagree', 1),
(780, 13, 60, 'Strongly Disagree', 1),
(781, 14, 1, 'Strongly Agree', 4),
(782, 14, 2, 'Strongly Agree', 4),
(783, 14, 3, 'Strongly Agree', 4),
(784, 14, 4, 'Strongly Agree', 4),
(785, 14, 5, 'Strongly Agree', 4),
(786, 14, 6, 'Strongly Agree', 4),
(787, 14, 7, 'Strongly Agree', 4),
(788, 14, 8, 'Strongly Agree', 4),
(789, 14, 9, 'Strongly Agree', 4),
(790, 14, 10, 'Strongly Agree', 4),
(791, 14, 11, 'Strongly Disagree', 1),
(792, 14, 12, 'Strongly Disagree', 1),
(793, 14, 13, 'Strongly Disagree', 1),
(794, 14, 14, 'Strongly Disagree', 1),
(795, 14, 15, 'Strongly Disagree', 1),
(796, 14, 16, 'Strongly Disagree', 1),
(797, 14, 17, 'Strongly Disagree', 1),
(798, 14, 18, 'Strongly Disagree', 1),
(799, 14, 19, 'Strongly Disagree', 1),
(800, 14, 20, 'Strongly Disagree', 1),
(801, 14, 21, 'Strongly Disagree', 1),
(802, 14, 22, 'Strongly Disagree', 1),
(803, 14, 23, 'Strongly Disagree', 1),
(804, 14, 24, 'Strongly Disagree', 1),
(805, 14, 25, 'Strongly Disagree', 1),
(806, 14, 26, 'Strongly Disagree', 1),
(807, 14, 27, 'Strongly Disagree', 1),
(808, 14, 28, 'Strongly Disagree', 1),
(809, 14, 29, 'Strongly Disagree', 1),
(810, 14, 30, 'Strongly Disagree', 1),
(811, 14, 31, 'Strongly Disagree', 1),
(812, 14, 32, 'Strongly Disagree', 1),
(813, 14, 33, 'Strongly Disagree', 1),
(814, 14, 34, 'Strongly Disagree', 1),
(815, 14, 35, 'Strongly Disagree', 1),
(816, 14, 36, 'Strongly Disagree', 1),
(817, 14, 37, 'Strongly Disagree', 1),
(818, 14, 38, 'Strongly Disagree', 1),
(819, 14, 39, 'Strongly Disagree', 1),
(820, 14, 40, 'Strongly Disagree', 1),
(821, 14, 41, 'Strongly Disagree', 1),
(822, 14, 42, 'Strongly Disagree', 1),
(823, 14, 43, 'Strongly Disagree', 1),
(824, 14, 44, 'Strongly Disagree', 1),
(825, 14, 45, 'Strongly Disagree', 1),
(826, 14, 46, 'Strongly Disagree', 1),
(827, 14, 47, 'Strongly Disagree', 1),
(828, 14, 48, 'Strongly Disagree', 1),
(829, 14, 49, 'Strongly Disagree', 1),
(830, 14, 50, 'Strongly Disagree', 1),
(831, 14, 51, 'Strongly Disagree', 1),
(832, 14, 52, 'Strongly Disagree', 1),
(833, 14, 53, 'Strongly Disagree', 1),
(834, 14, 54, 'Strongly Disagree', 1),
(835, 14, 55, 'Strongly Disagree', 1),
(836, 14, 56, 'Strongly Disagree', 1),
(837, 14, 57, 'Strongly Disagree', 1),
(838, 14, 58, 'Strongly Disagree', 1),
(839, 14, 59, 'Strongly Disagree', 1),
(840, 14, 60, 'Strongly Disagree', 1),
(841, 11, 1, 'Strongly Disagree', 1),
(842, 11, 2, 'Strongly Disagree', 1),
(843, 11, 3, 'Strongly Disagree', 1),
(844, 11, 4, 'Strongly Disagree', 1),
(845, 11, 5, 'Strongly Disagree', 1),
(846, 11, 6, 'Strongly Disagree', 1),
(847, 11, 7, 'Strongly Disagree', 1),
(848, 11, 8, 'Strongly Disagree', 1),
(849, 11, 9, 'Strongly Disagree', 1),
(850, 11, 10, 'Strongly Disagree', 1),
(851, 11, 11, 'Strongly Agree', 4),
(852, 11, 12, 'Strongly Agree', 4),
(853, 11, 13, 'Strongly Agree', 4),
(854, 11, 14, 'Strongly Agree', 4),
(855, 11, 15, 'Strongly Agree', 4),
(856, 11, 16, 'Strongly Agree', 4),
(857, 11, 17, 'Strongly Agree', 4),
(858, 11, 18, 'Strongly Agree', 4),
(859, 11, 19, 'Strongly Agree', 4),
(860, 11, 20, 'Strongly Agree', 4),
(861, 11, 21, 'Strongly Disagree', 1),
(862, 11, 22, 'Strongly Disagree', 1),
(863, 11, 23, 'Strongly Disagree', 1),
(864, 11, 24, 'Strongly Disagree', 1),
(865, 11, 25, 'Strongly Disagree', 1),
(866, 11, 26, 'Strongly Disagree', 1),
(867, 11, 27, 'Strongly Disagree', 1),
(868, 11, 28, 'Strongly Disagree', 1),
(869, 11, 29, 'Strongly Disagree', 1),
(870, 11, 30, 'Strongly Disagree', 1),
(871, 11, 31, 'Strongly Disagree', 1),
(872, 11, 32, 'Strongly Disagree', 1),
(873, 11, 33, 'Strongly Disagree', 1),
(874, 11, 34, 'Strongly Disagree', 1),
(875, 11, 35, 'Strongly Disagree', 1),
(876, 11, 36, 'Strongly Disagree', 1),
(877, 11, 37, 'Strongly Disagree', 1),
(878, 11, 38, 'Strongly Disagree', 1),
(879, 11, 39, 'Strongly Disagree', 1),
(880, 11, 40, 'Strongly Disagree', 1),
(881, 11, 41, 'Strongly Disagree', 1),
(882, 11, 42, 'Strongly Disagree', 1),
(883, 11, 43, 'Strongly Disagree', 1),
(884, 11, 44, 'Strongly Disagree', 1),
(885, 11, 45, 'Strongly Disagree', 1),
(886, 11, 46, 'Strongly Disagree', 1),
(887, 11, 47, 'Strongly Disagree', 1),
(888, 11, 48, 'Strongly Disagree', 1),
(889, 11, 49, 'Strongly Disagree', 1),
(890, 11, 50, 'Strongly Disagree', 1),
(891, 11, 51, 'Strongly Disagree', 1),
(892, 11, 52, 'Strongly Disagree', 1),
(893, 11, 53, 'Strongly Disagree', 1),
(894, 11, 54, 'Strongly Disagree', 1),
(895, 11, 55, 'Strongly Disagree', 1),
(896, 11, 56, 'Strongly Disagree', 1),
(897, 11, 57, 'Strongly Disagree', 1),
(898, 11, 58, 'Strongly Disagree', 1),
(899, 11, 59, 'Strongly Disagree', 1),
(900, 11, 60, 'Strongly Disagree', 1),
(901, 12, 1, 'Strongly Disagree', 1),
(902, 12, 2, 'Strongly Disagree', 1),
(903, 12, 3, 'Strongly Disagree', 1),
(904, 12, 4, 'Strongly Disagree', 1),
(905, 12, 5, 'Strongly Disagree', 1),
(906, 12, 6, 'Strongly Disagree', 1),
(907, 12, 7, 'Strongly Disagree', 1),
(908, 12, 8, 'Strongly Disagree', 1),
(909, 12, 9, 'Strongly Disagree', 1),
(910, 12, 10, 'Strongly Disagree', 1),
(911, 12, 11, 'Strongly Disagree', 1),
(912, 12, 12, 'Strongly Disagree', 1),
(913, 12, 13, 'Strongly Disagree', 1),
(914, 12, 14, 'Strongly Disagree', 1),
(915, 12, 15, 'Strongly Disagree', 1),
(916, 12, 16, 'Strongly Disagree', 1),
(917, 12, 17, 'Strongly Disagree', 1),
(918, 12, 18, 'Strongly Disagree', 1),
(919, 12, 19, 'Strongly Disagree', 1),
(920, 12, 20, 'Strongly Disagree', 1),
(921, 12, 21, 'Strongly Disagree', 1),
(922, 12, 22, 'Strongly Disagree', 1),
(923, 12, 23, 'Strongly Disagree', 1),
(924, 12, 24, 'Strongly Disagree', 1),
(925, 12, 25, 'Strongly Disagree', 1),
(926, 12, 26, 'Strongly Disagree', 1),
(927, 12, 27, 'Strongly Disagree', 1),
(928, 12, 28, 'Strongly Disagree', 1),
(929, 12, 29, 'Strongly Disagree', 1),
(930, 12, 30, 'Strongly Disagree', 1),
(931, 12, 31, 'Strongly Disagree', 1),
(932, 12, 32, 'Strongly Disagree', 1),
(933, 12, 33, 'Strongly Disagree', 1),
(934, 12, 34, 'Strongly Disagree', 1),
(935, 12, 35, 'Strongly Disagree', 1),
(936, 12, 36, 'Strongly Disagree', 1),
(937, 12, 37, 'Strongly Disagree', 1),
(938, 12, 38, 'Strongly Disagree', 1),
(939, 12, 39, 'Strongly Disagree', 1),
(940, 12, 40, 'Strongly Disagree', 1),
(941, 12, 41, 'Strongly Disagree', 1),
(942, 12, 42, 'Strongly Disagree', 1),
(943, 12, 43, 'Strongly Disagree', 1),
(944, 12, 44, 'Strongly Disagree', 1),
(945, 12, 45, 'Strongly Disagree', 1),
(946, 12, 46, 'Strongly Disagree', 1),
(947, 12, 47, 'Strongly Disagree', 1),
(948, 12, 48, 'Strongly Disagree', 1),
(949, 12, 49, 'Strongly Disagree', 1),
(950, 12, 50, 'Strongly Disagree', 1),
(951, 12, 51, 'Strongly Agree', 4),
(952, 12, 52, 'Strongly Agree', 4),
(953, 12, 53, 'Strongly Agree', 4),
(954, 12, 54, 'Strongly Agree', 4),
(955, 12, 55, 'Strongly Agree', 4),
(956, 12, 56, 'Strongly Agree', 4),
(957, 12, 57, 'Strongly Agree', 4),
(958, 12, 58, 'Strongly Agree', 4),
(959, 12, 59, 'Strongly Agree', 4),
(960, 12, 60, 'Strongly Agree', 4),
(961, 13, 1, 'Strongly Disagree', 1),
(962, 13, 2, 'Strongly Disagree', 1),
(963, 13, 3, 'Strongly Disagree', 1),
(964, 13, 4, 'Strongly Disagree', 1),
(965, 13, 5, 'Strongly Disagree', 1),
(966, 13, 6, 'Strongly Disagree', 1),
(967, 13, 7, 'Strongly Disagree', 1),
(968, 13, 8, 'Strongly Disagree', 1),
(969, 13, 9, 'Strongly Disagree', 1),
(970, 13, 10, 'Strongly Disagree', 1),
(971, 13, 11, 'Strongly Disagree', 1),
(972, 13, 12, 'Strongly Disagree', 1),
(973, 13, 13, 'Strongly Disagree', 1),
(974, 13, 14, 'Strongly Disagree', 1),
(975, 13, 15, 'Strongly Disagree', 1),
(976, 13, 16, 'Strongly Disagree', 1),
(977, 13, 17, 'Strongly Disagree', 1),
(978, 13, 18, 'Strongly Disagree', 1),
(979, 13, 19, 'Strongly Disagree', 1),
(980, 13, 20, 'Strongly Disagree', 1),
(981, 13, 21, 'Strongly Agree', 4),
(982, 13, 22, 'Strongly Agree', 4),
(983, 13, 23, 'Strongly Agree', 4),
(984, 13, 24, 'Strongly Agree', 4),
(985, 13, 25, 'Strongly Agree', 4),
(986, 13, 26, 'Strongly Agree', 4),
(987, 13, 27, 'Strongly Agree', 4),
(988, 13, 28, 'Strongly Agree', 4),
(989, 13, 29, 'Strongly Agree', 4),
(990, 13, 30, 'Strongly Agree', 4),
(991, 13, 31, 'Strongly Disagree', 1),
(992, 13, 32, 'Strongly Disagree', 1),
(993, 13, 33, 'Strongly Disagree', 1),
(994, 13, 34, 'Strongly Disagree', 1),
(995, 13, 35, 'Strongly Disagree', 1),
(996, 13, 36, 'Strongly Disagree', 1),
(997, 13, 37, 'Strongly Disagree', 1),
(998, 13, 38, 'Strongly Disagree', 1),
(999, 13, 39, 'Strongly Disagree', 1),
(1000, 13, 40, 'Strongly Disagree', 1),
(1001, 13, 41, 'Strongly Disagree', 1),
(1002, 13, 42, 'Strongly Disagree', 1),
(1003, 13, 43, 'Strongly Disagree', 1),
(1004, 13, 44, 'Strongly Disagree', 1),
(1005, 13, 45, 'Strongly Disagree', 1),
(1006, 13, 46, 'Strongly Disagree', 1),
(1007, 13, 47, 'Strongly Disagree', 1),
(1008, 13, 48, 'Strongly Disagree', 1),
(1009, 13, 49, 'Strongly Disagree', 1),
(1010, 13, 50, 'Strongly Disagree', 1),
(1011, 13, 51, 'Strongly Disagree', 1),
(1012, 13, 52, 'Strongly Disagree', 1),
(1013, 13, 53, 'Strongly Disagree', 1),
(1014, 13, 54, 'Strongly Disagree', 1),
(1015, 13, 55, 'Strongly Disagree', 1),
(1016, 13, 56, 'Strongly Disagree', 1),
(1017, 13, 57, 'Strongly Disagree', 1),
(1018, 13, 58, 'Strongly Disagree', 1),
(1019, 13, 59, 'Strongly Disagree', 1),
(1020, 13, 60, 'Strongly Disagree', 1),
(1021, 14, 1, 'Strongly Agree', 4),
(1022, 14, 2, 'Strongly Agree', 4),
(1023, 14, 3, 'Strongly Agree', 4),
(1024, 14, 4, 'Strongly Agree', 4),
(1025, 14, 5, 'Strongly Agree', 4),
(1026, 14, 6, 'Strongly Agree', 4),
(1027, 14, 7, 'Strongly Agree', 4),
(1028, 14, 8, 'Strongly Agree', 4),
(1029, 14, 9, 'Strongly Agree', 4),
(1030, 14, 10, 'Strongly Agree', 4),
(1031, 14, 11, 'Strongly Disagree', 1),
(1032, 14, 12, 'Strongly Disagree', 1),
(1033, 14, 13, 'Strongly Disagree', 1),
(1034, 14, 14, 'Strongly Disagree', 1),
(1035, 14, 15, 'Strongly Disagree', 1),
(1036, 14, 16, 'Strongly Disagree', 1),
(1037, 14, 17, 'Strongly Disagree', 1),
(1038, 14, 18, 'Strongly Disagree', 1),
(1039, 14, 19, 'Strongly Disagree', 1),
(1040, 14, 20, 'Strongly Disagree', 1),
(1041, 14, 21, 'Strongly Disagree', 1),
(1042, 14, 22, 'Strongly Disagree', 1),
(1043, 14, 23, 'Strongly Disagree', 1),
(1044, 14, 24, 'Strongly Disagree', 1),
(1045, 14, 25, 'Strongly Disagree', 1),
(1046, 14, 26, 'Strongly Disagree', 1),
(1047, 14, 27, 'Strongly Disagree', 1),
(1048, 14, 28, 'Strongly Disagree', 1),
(1049, 14, 29, 'Strongly Disagree', 1),
(1050, 14, 30, 'Strongly Disagree', 1),
(1051, 14, 31, 'Strongly Disagree', 1),
(1052, 14, 32, 'Strongly Disagree', 1),
(1053, 14, 33, 'Strongly Disagree', 1),
(1054, 14, 34, 'Strongly Disagree', 1),
(1055, 14, 35, 'Strongly Disagree', 1),
(1056, 14, 36, 'Strongly Disagree', 1),
(1057, 14, 37, 'Strongly Disagree', 1),
(1058, 14, 38, 'Strongly Disagree', 1),
(1059, 14, 39, 'Strongly Disagree', 1),
(1060, 14, 40, 'Strongly Disagree', 1),
(1061, 14, 41, 'Strongly Disagree', 1),
(1062, 14, 42, 'Strongly Disagree', 1),
(1063, 14, 43, 'Strongly Disagree', 1),
(1064, 14, 44, 'Strongly Disagree', 1),
(1065, 14, 45, 'Strongly Disagree', 1),
(1066, 14, 46, 'Strongly Disagree', 1),
(1067, 14, 47, 'Strongly Disagree', 1),
(1068, 14, 48, 'Strongly Disagree', 1),
(1069, 14, 49, 'Strongly Disagree', 1),
(1070, 14, 50, 'Strongly Disagree', 1),
(1071, 14, 51, 'Strongly Disagree', 1),
(1072, 14, 52, 'Strongly Disagree', 1),
(1073, 14, 53, 'Strongly Disagree', 1),
(1074, 14, 54, 'Strongly Disagree', 1),
(1075, 14, 55, 'Strongly Disagree', 1),
(1076, 14, 56, 'Strongly Disagree', 1),
(1077, 14, 57, 'Strongly Disagree', 1),
(1078, 14, 58, 'Strongly Disagree', 1),
(1079, 14, 59, 'Strongly Disagree', 1),
(1080, 14, 60, 'Strongly Disagree', 1),
(1081, 11, 1, 'Strongly Disagree', 1),
(1082, 11, 2, 'Strongly Disagree', 1),
(1083, 11, 3, 'Strongly Disagree', 1),
(1084, 11, 4, 'Strongly Disagree', 1),
(1085, 11, 5, 'Strongly Disagree', 1),
(1086, 11, 6, 'Strongly Disagree', 1),
(1087, 11, 7, 'Strongly Disagree', 1),
(1088, 11, 8, 'Strongly Disagree', 1),
(1089, 11, 9, 'Strongly Disagree', 1),
(1090, 11, 10, 'Strongly Disagree', 1),
(1091, 11, 11, 'Strongly Agree', 4),
(1092, 11, 12, 'Strongly Agree', 4),
(1093, 11, 13, 'Strongly Agree', 4),
(1094, 11, 14, 'Strongly Agree', 4),
(1095, 11, 15, 'Strongly Agree', 4),
(1096, 11, 16, 'Strongly Agree', 4),
(1097, 11, 17, 'Strongly Agree', 4),
(1098, 11, 18, 'Strongly Agree', 4),
(1099, 11, 19, 'Strongly Agree', 4),
(1100, 11, 20, 'Strongly Agree', 4),
(1101, 11, 21, 'Strongly Disagree', 1),
(1102, 11, 22, 'Strongly Disagree', 1),
(1103, 11, 23, 'Strongly Disagree', 1),
(1104, 11, 24, 'Strongly Disagree', 1),
(1105, 11, 25, 'Strongly Disagree', 1),
(1106, 11, 26, 'Strongly Disagree', 1),
(1107, 11, 27, 'Strongly Disagree', 1),
(1108, 11, 28, 'Strongly Disagree', 1),
(1109, 11, 29, 'Strongly Disagree', 1),
(1110, 11, 30, 'Strongly Disagree', 1),
(1111, 11, 31, 'Strongly Disagree', 1),
(1112, 11, 32, 'Strongly Disagree', 1),
(1113, 11, 33, 'Strongly Disagree', 1),
(1114, 11, 34, 'Strongly Disagree', 1),
(1115, 11, 35, 'Strongly Disagree', 1),
(1116, 11, 36, 'Strongly Disagree', 1),
(1117, 11, 37, 'Strongly Disagree', 1),
(1118, 11, 38, 'Strongly Disagree', 1),
(1119, 11, 39, 'Strongly Disagree', 1),
(1120, 11, 40, 'Strongly Disagree', 1),
(1121, 11, 41, 'Strongly Disagree', 1),
(1122, 11, 42, 'Strongly Disagree', 1),
(1123, 11, 43, 'Strongly Disagree', 1),
(1124, 11, 44, 'Strongly Disagree', 1),
(1125, 11, 45, 'Strongly Disagree', 1),
(1126, 11, 46, 'Strongly Disagree', 1),
(1127, 11, 47, 'Strongly Disagree', 1),
(1128, 11, 48, 'Strongly Disagree', 1),
(1129, 11, 49, 'Strongly Disagree', 1),
(1130, 11, 50, 'Strongly Disagree', 1),
(1131, 11, 51, 'Strongly Disagree', 1),
(1132, 11, 52, 'Strongly Disagree', 1),
(1133, 11, 53, 'Strongly Disagree', 1),
(1134, 11, 54, 'Strongly Disagree', 1),
(1135, 11, 55, 'Strongly Disagree', 1),
(1136, 11, 56, 'Strongly Disagree', 1),
(1137, 11, 57, 'Strongly Disagree', 1),
(1138, 11, 58, 'Strongly Disagree', 1),
(1139, 11, 59, 'Strongly Disagree', 1),
(1140, 11, 60, 'Strongly Disagree', 1),
(1141, 12, 1, 'Strongly Disagree', 1),
(1142, 12, 2, 'Strongly Disagree', 1),
(1143, 12, 3, 'Strongly Disagree', 1),
(1144, 12, 4, 'Strongly Disagree', 1),
(1145, 12, 5, 'Strongly Disagree', 1),
(1146, 12, 6, 'Strongly Disagree', 1),
(1147, 12, 7, 'Strongly Disagree', 1),
(1148, 12, 8, 'Strongly Disagree', 1),
(1149, 12, 9, 'Strongly Disagree', 1),
(1150, 12, 10, 'Strongly Disagree', 1),
(1151, 12, 11, 'Strongly Disagree', 1),
(1152, 12, 12, 'Strongly Disagree', 1),
(1153, 12, 13, 'Strongly Disagree', 1),
(1154, 12, 14, 'Strongly Disagree', 1),
(1155, 12, 15, 'Strongly Disagree', 1),
(1156, 12, 16, 'Strongly Disagree', 1),
(1157, 12, 17, 'Strongly Disagree', 1),
(1158, 12, 18, 'Strongly Disagree', 1),
(1159, 12, 19, 'Strongly Disagree', 1),
(1160, 12, 20, 'Strongly Disagree', 1),
(1161, 12, 21, 'Strongly Disagree', 1),
(1162, 12, 22, 'Strongly Disagree', 1),
(1163, 12, 23, 'Strongly Disagree', 1),
(1164, 12, 24, 'Strongly Disagree', 1),
(1165, 12, 25, 'Strongly Disagree', 1),
(1166, 12, 26, 'Strongly Disagree', 1),
(1167, 12, 27, 'Strongly Disagree', 1),
(1168, 12, 28, 'Strongly Disagree', 1),
(1169, 12, 29, 'Strongly Disagree', 1),
(1170, 12, 30, 'Strongly Disagree', 1),
(1171, 12, 31, 'Strongly Disagree', 1),
(1172, 12, 32, 'Strongly Disagree', 1),
(1173, 12, 33, 'Strongly Disagree', 1),
(1174, 12, 34, 'Strongly Disagree', 1),
(1175, 12, 35, 'Strongly Disagree', 1),
(1176, 12, 36, 'Strongly Disagree', 1),
(1177, 12, 37, 'Strongly Disagree', 1),
(1178, 12, 38, 'Strongly Disagree', 1),
(1179, 12, 39, 'Strongly Disagree', 1),
(1180, 12, 40, 'Strongly Disagree', 1),
(1181, 12, 41, 'Strongly Disagree', 1),
(1182, 12, 42, 'Strongly Disagree', 1),
(1183, 12, 43, 'Strongly Disagree', 1),
(1184, 12, 44, 'Strongly Disagree', 1),
(1185, 12, 45, 'Strongly Disagree', 1),
(1186, 12, 46, 'Strongly Disagree', 1),
(1187, 12, 47, 'Strongly Disagree', 1),
(1188, 12, 48, 'Strongly Disagree', 1),
(1189, 12, 49, 'Strongly Disagree', 1),
(1190, 12, 50, 'Strongly Disagree', 1),
(1191, 12, 51, 'Strongly Agree', 4),
(1192, 12, 52, 'Strongly Agree', 4),
(1193, 12, 53, 'Strongly Agree', 4),
(1194, 12, 54, 'Strongly Agree', 4),
(1195, 12, 55, 'Strongly Agree', 4),
(1196, 12, 56, 'Strongly Agree', 4),
(1197, 12, 57, 'Strongly Agree', 4),
(1198, 12, 58, 'Strongly Agree', 4),
(1199, 12, 59, 'Strongly Agree', 4),
(1200, 12, 60, 'Strongly Agree', 4),
(1201, 13, 1, 'Strongly Disagree', 1),
(1202, 13, 2, 'Strongly Disagree', 1),
(1203, 13, 3, 'Strongly Disagree', 1),
(1204, 13, 4, 'Strongly Disagree', 1),
(1205, 13, 5, 'Strongly Disagree', 1),
(1206, 13, 6, 'Strongly Disagree', 1),
(1207, 13, 7, 'Strongly Disagree', 1),
(1208, 13, 8, 'Strongly Disagree', 1),
(1209, 13, 9, 'Strongly Disagree', 1),
(1210, 13, 10, 'Strongly Disagree', 1),
(1211, 13, 11, 'Strongly Disagree', 1),
(1212, 13, 12, 'Strongly Disagree', 1),
(1213, 13, 13, 'Strongly Disagree', 1),
(1214, 13, 14, 'Strongly Disagree', 1),
(1215, 13, 15, 'Strongly Disagree', 1),
(1216, 13, 16, 'Strongly Disagree', 1),
(1217, 13, 17, 'Strongly Disagree', 1),
(1218, 13, 18, 'Strongly Disagree', 1),
(1219, 13, 19, 'Strongly Disagree', 1),
(1220, 13, 20, 'Strongly Disagree', 1),
(1221, 13, 21, 'Strongly Agree', 4),
(1222, 13, 22, 'Strongly Agree', 4),
(1223, 13, 23, 'Strongly Agree', 4),
(1224, 13, 24, 'Strongly Agree', 4),
(1225, 13, 25, 'Strongly Agree', 4),
(1226, 13, 26, 'Strongly Agree', 4),
(1227, 13, 27, 'Strongly Agree', 4),
(1228, 13, 28, 'Strongly Agree', 4),
(1229, 13, 29, 'Strongly Agree', 4),
(1230, 13, 30, 'Strongly Agree', 4),
(1231, 13, 31, 'Strongly Disagree', 1),
(1232, 13, 32, 'Strongly Disagree', 1),
(1233, 13, 33, 'Strongly Disagree', 1),
(1234, 13, 34, 'Strongly Disagree', 1),
(1235, 13, 35, 'Strongly Disagree', 1),
(1236, 13, 36, 'Strongly Disagree', 1),
(1237, 13, 37, 'Strongly Disagree', 1),
(1238, 13, 38, 'Strongly Disagree', 1),
(1239, 13, 39, 'Strongly Disagree', 1),
(1240, 13, 40, 'Strongly Disagree', 1),
(1241, 13, 41, 'Strongly Disagree', 1),
(1242, 13, 42, 'Strongly Disagree', 1),
(1243, 13, 43, 'Strongly Disagree', 1),
(1244, 13, 44, 'Strongly Disagree', 1),
(1245, 13, 45, 'Strongly Disagree', 1),
(1246, 13, 46, 'Strongly Disagree', 1),
(1247, 13, 47, 'Strongly Disagree', 1),
(1248, 13, 48, 'Strongly Disagree', 1),
(1249, 13, 49, 'Strongly Disagree', 1),
(1250, 13, 50, 'Strongly Disagree', 1),
(1251, 13, 51, 'Strongly Disagree', 1),
(1252, 13, 52, 'Strongly Disagree', 1),
(1253, 13, 53, 'Strongly Disagree', 1),
(1254, 13, 54, 'Strongly Disagree', 1),
(1255, 13, 55, 'Strongly Disagree', 1),
(1256, 13, 56, 'Strongly Disagree', 1),
(1257, 13, 57, 'Strongly Disagree', 1),
(1258, 13, 58, 'Strongly Disagree', 1),
(1259, 13, 59, 'Strongly Disagree', 1),
(1260, 13, 60, 'Strongly Disagree', 1),
(1261, 14, 1, 'Strongly Agree', 4),
(1262, 14, 2, 'Strongly Agree', 4),
(1263, 14, 3, 'Strongly Agree', 4),
(1264, 14, 4, 'Strongly Agree', 4),
(1265, 14, 5, 'Strongly Agree', 4),
(1266, 14, 6, 'Strongly Agree', 4),
(1267, 14, 7, 'Strongly Agree', 4),
(1268, 14, 8, 'Strongly Agree', 4),
(1269, 14, 9, 'Strongly Agree', 4),
(1270, 14, 10, 'Strongly Agree', 4),
(1271, 14, 11, 'Strongly Disagree', 1),
(1272, 14, 12, 'Strongly Disagree', 1),
(1273, 14, 13, 'Strongly Disagree', 1),
(1274, 14, 14, 'Strongly Disagree', 1),
(1275, 14, 15, 'Strongly Disagree', 1),
(1276, 14, 16, 'Strongly Disagree', 1),
(1277, 14, 17, 'Strongly Disagree', 1),
(1278, 14, 18, 'Strongly Disagree', 1),
(1279, 14, 19, 'Strongly Disagree', 1),
(1280, 14, 20, 'Strongly Disagree', 1),
(1281, 14, 21, 'Strongly Disagree', 1),
(1282, 14, 22, 'Strongly Disagree', 1),
(1283, 14, 23, 'Strongly Disagree', 1),
(1284, 14, 24, 'Strongly Disagree', 1),
(1285, 14, 25, 'Strongly Disagree', 1),
(1286, 14, 26, 'Strongly Disagree', 1),
(1287, 14, 27, 'Strongly Disagree', 1),
(1288, 14, 28, 'Strongly Disagree', 1),
(1289, 14, 29, 'Strongly Disagree', 1),
(1290, 14, 30, 'Strongly Disagree', 1),
(1291, 14, 31, 'Strongly Disagree', 1),
(1292, 14, 32, 'Strongly Disagree', 1),
(1293, 14, 33, 'Strongly Disagree', 1),
(1294, 14, 34, 'Strongly Disagree', 1),
(1295, 14, 35, 'Strongly Disagree', 1),
(1296, 14, 36, 'Strongly Disagree', 1),
(1297, 14, 37, 'Strongly Disagree', 1),
(1298, 14, 38, 'Strongly Disagree', 1),
(1299, 14, 39, 'Strongly Disagree', 1),
(1300, 14, 40, 'Strongly Disagree', 1),
(1301, 14, 41, 'Strongly Disagree', 1),
(1302, 14, 42, 'Strongly Disagree', 1),
(1303, 14, 43, 'Strongly Disagree', 1),
(1304, 14, 44, 'Strongly Disagree', 1),
(1305, 14, 45, 'Strongly Disagree', 1),
(1306, 14, 46, 'Strongly Disagree', 1),
(1307, 14, 47, 'Strongly Disagree', 1),
(1308, 14, 48, 'Strongly Disagree', 1),
(1309, 14, 49, 'Strongly Disagree', 1),
(1310, 14, 50, 'Strongly Disagree', 1),
(1311, 14, 51, 'Strongly Disagree', 1),
(1312, 14, 52, 'Strongly Disagree', 1),
(1313, 14, 53, 'Strongly Disagree', 1),
(1314, 14, 54, 'Strongly Disagree', 1),
(1315, 14, 55, 'Strongly Disagree', 1),
(1316, 14, 56, 'Strongly Disagree', 1),
(1317, 14, 57, 'Strongly Disagree', 1),
(1318, 14, 58, 'Strongly Disagree', 1),
(1319, 14, 59, 'Strongly Disagree', 1),
(1320, 14, 60, 'Strongly Disagree', 1),
(1321, 11, 1, 'Strongly Disagree', 1),
(1322, 11, 2, 'Strongly Disagree', 1),
(1323, 11, 3, 'Strongly Disagree', 1),
(1324, 11, 4, 'Strongly Disagree', 1),
(1325, 11, 5, 'Strongly Disagree', 1),
(1326, 11, 6, 'Strongly Disagree', 1),
(1327, 11, 7, 'Strongly Disagree', 1),
(1328, 11, 8, 'Strongly Disagree', 1),
(1329, 11, 9, 'Strongly Disagree', 1),
(1330, 11, 10, 'Strongly Disagree', 1),
(1331, 11, 11, 'Strongly Agree', 4),
(1332, 11, 12, 'Strongly Agree', 4),
(1333, 11, 13, 'Strongly Agree', 4),
(1334, 11, 14, 'Strongly Agree', 4),
(1335, 11, 15, 'Strongly Agree', 4),
(1336, 11, 16, 'Strongly Agree', 4),
(1337, 11, 17, 'Strongly Agree', 4),
(1338, 11, 18, 'Strongly Agree', 4),
(1339, 11, 19, 'Strongly Agree', 4),
(1340, 11, 20, 'Strongly Agree', 4),
(1341, 11, 21, 'Strongly Disagree', 1),
(1342, 11, 22, 'Strongly Disagree', 1),
(1343, 11, 23, 'Strongly Disagree', 1),
(1344, 11, 24, 'Strongly Disagree', 1),
(1345, 11, 25, 'Strongly Disagree', 1),
(1346, 11, 26, 'Strongly Disagree', 1),
(1347, 11, 27, 'Strongly Disagree', 1),
(1348, 11, 28, 'Strongly Disagree', 1),
(1349, 11, 29, 'Strongly Disagree', 1),
(1350, 11, 30, 'Strongly Disagree', 1),
(1351, 11, 31, 'Strongly Disagree', 1),
(1352, 11, 32, 'Strongly Disagree', 1),
(1353, 11, 33, 'Strongly Disagree', 1),
(1354, 11, 34, 'Strongly Disagree', 1),
(1355, 11, 35, 'Strongly Disagree', 1),
(1356, 11, 36, 'Strongly Disagree', 1),
(1357, 11, 37, 'Strongly Disagree', 1),
(1358, 11, 38, 'Strongly Disagree', 1),
(1359, 11, 39, 'Strongly Disagree', 1),
(1360, 11, 40, 'Strongly Disagree', 1),
(1361, 11, 41, 'Strongly Disagree', 1),
(1362, 11, 42, 'Strongly Disagree', 1),
(1363, 11, 43, 'Strongly Disagree', 1),
(1364, 11, 44, 'Strongly Disagree', 1),
(1365, 11, 45, 'Strongly Disagree', 1),
(1366, 11, 46, 'Strongly Disagree', 1),
(1367, 11, 47, 'Strongly Disagree', 1),
(1368, 11, 48, 'Strongly Disagree', 1),
(1369, 11, 49, 'Strongly Disagree', 1),
(1370, 11, 50, 'Strongly Disagree', 1),
(1371, 11, 51, 'Strongly Disagree', 1),
(1372, 11, 52, 'Strongly Disagree', 1),
(1373, 11, 53, 'Strongly Disagree', 1),
(1374, 11, 54, 'Strongly Disagree', 1),
(1375, 11, 55, 'Strongly Disagree', 1),
(1376, 11, 56, 'Strongly Disagree', 1),
(1377, 11, 57, 'Strongly Disagree', 1),
(1378, 11, 58, 'Strongly Disagree', 1),
(1379, 11, 59, 'Strongly Disagree', 1),
(1380, 11, 60, 'Strongly Disagree', 1);
INSERT INTO `answers` (`id`, `student_id`, `question_id`, `answer`, `score`) VALUES
(1381, 12, 1, 'Strongly Disagree', 1),
(1382, 12, 2, 'Strongly Disagree', 1),
(1383, 12, 3, 'Strongly Disagree', 1),
(1384, 12, 4, 'Strongly Disagree', 1),
(1385, 12, 5, 'Strongly Disagree', 1),
(1386, 12, 6, 'Strongly Disagree', 1),
(1387, 12, 7, 'Strongly Disagree', 1),
(1388, 12, 8, 'Strongly Disagree', 1),
(1389, 12, 9, 'Strongly Disagree', 1),
(1390, 12, 10, 'Strongly Disagree', 1),
(1391, 12, 11, 'Strongly Disagree', 1),
(1392, 12, 12, 'Strongly Disagree', 1),
(1393, 12, 13, 'Strongly Disagree', 1),
(1394, 12, 14, 'Strongly Disagree', 1),
(1395, 12, 15, 'Strongly Disagree', 1),
(1396, 12, 16, 'Strongly Disagree', 1),
(1397, 12, 17, 'Strongly Disagree', 1),
(1398, 12, 18, 'Strongly Disagree', 1),
(1399, 12, 19, 'Strongly Disagree', 1),
(1400, 12, 20, 'Strongly Disagree', 1),
(1401, 12, 21, 'Strongly Disagree', 1),
(1402, 12, 22, 'Strongly Disagree', 1),
(1403, 12, 23, 'Strongly Disagree', 1),
(1404, 12, 24, 'Strongly Disagree', 1),
(1405, 12, 25, 'Strongly Disagree', 1),
(1406, 12, 26, 'Strongly Disagree', 1),
(1407, 12, 27, 'Strongly Disagree', 1),
(1408, 12, 28, 'Strongly Disagree', 1),
(1409, 12, 29, 'Strongly Disagree', 1),
(1410, 12, 30, 'Strongly Disagree', 1),
(1411, 12, 31, 'Strongly Disagree', 1),
(1412, 12, 32, 'Strongly Disagree', 1),
(1413, 12, 33, 'Strongly Disagree', 1),
(1414, 12, 34, 'Strongly Disagree', 1),
(1415, 12, 35, 'Strongly Disagree', 1),
(1416, 12, 36, 'Strongly Disagree', 1),
(1417, 12, 37, 'Strongly Disagree', 1),
(1418, 12, 38, 'Strongly Disagree', 1),
(1419, 12, 39, 'Strongly Disagree', 1),
(1420, 12, 40, 'Strongly Disagree', 1),
(1421, 12, 41, 'Strongly Disagree', 1),
(1422, 12, 42, 'Strongly Disagree', 1),
(1423, 12, 43, 'Strongly Disagree', 1),
(1424, 12, 44, 'Strongly Disagree', 1),
(1425, 12, 45, 'Strongly Disagree', 1),
(1426, 12, 46, 'Strongly Disagree', 1),
(1427, 12, 47, 'Strongly Disagree', 1),
(1428, 12, 48, 'Strongly Disagree', 1),
(1429, 12, 49, 'Strongly Disagree', 1),
(1430, 12, 50, 'Strongly Disagree', 1),
(1431, 12, 51, 'Strongly Agree', 4),
(1432, 12, 52, 'Strongly Agree', 4),
(1433, 12, 53, 'Strongly Agree', 4),
(1434, 12, 54, 'Strongly Agree', 4),
(1435, 12, 55, 'Strongly Agree', 4),
(1436, 12, 56, 'Strongly Agree', 4),
(1437, 12, 57, 'Strongly Agree', 4),
(1438, 12, 58, 'Strongly Agree', 4),
(1439, 12, 59, 'Strongly Agree', 4),
(1440, 12, 60, 'Strongly Agree', 4),
(1441, 13, 1, 'Strongly Disagree', 1),
(1442, 13, 2, 'Strongly Disagree', 1),
(1443, 13, 3, 'Strongly Disagree', 1),
(1444, 13, 4, 'Strongly Disagree', 1),
(1445, 13, 5, 'Strongly Disagree', 1),
(1446, 13, 6, 'Strongly Disagree', 1),
(1447, 13, 7, 'Strongly Disagree', 1),
(1448, 13, 8, 'Strongly Disagree', 1),
(1449, 13, 9, 'Strongly Disagree', 1),
(1450, 13, 10, 'Strongly Disagree', 1),
(1451, 13, 11, 'Strongly Disagree', 1),
(1452, 13, 12, 'Strongly Disagree', 1),
(1453, 13, 13, 'Strongly Disagree', 1),
(1454, 13, 14, 'Strongly Disagree', 1),
(1455, 13, 15, 'Strongly Disagree', 1),
(1456, 13, 16, 'Strongly Disagree', 1),
(1457, 13, 17, 'Strongly Disagree', 1),
(1458, 13, 18, 'Strongly Disagree', 1),
(1459, 13, 19, 'Strongly Disagree', 1),
(1460, 13, 20, 'Strongly Disagree', 1),
(1461, 13, 21, 'Strongly Agree', 4),
(1462, 13, 22, 'Strongly Agree', 4),
(1463, 13, 23, 'Strongly Agree', 4),
(1464, 13, 24, 'Strongly Agree', 4),
(1465, 13, 25, 'Strongly Agree', 4),
(1466, 13, 26, 'Strongly Agree', 4),
(1467, 13, 27, 'Strongly Agree', 4),
(1468, 13, 28, 'Strongly Agree', 4),
(1469, 13, 29, 'Strongly Agree', 4),
(1470, 13, 30, 'Strongly Agree', 4),
(1471, 13, 31, 'Strongly Disagree', 1),
(1472, 13, 32, 'Strongly Disagree', 1),
(1473, 13, 33, 'Strongly Disagree', 1),
(1474, 13, 34, 'Strongly Disagree', 1),
(1475, 13, 35, 'Strongly Disagree', 1),
(1476, 13, 36, 'Strongly Disagree', 1),
(1477, 13, 37, 'Strongly Disagree', 1),
(1478, 13, 38, 'Strongly Disagree', 1),
(1479, 13, 39, 'Strongly Disagree', 1),
(1480, 13, 40, 'Strongly Disagree', 1),
(1481, 13, 41, 'Strongly Disagree', 1),
(1482, 13, 42, 'Strongly Disagree', 1),
(1483, 13, 43, 'Strongly Disagree', 1),
(1484, 13, 44, 'Strongly Disagree', 1),
(1485, 13, 45, 'Strongly Disagree', 1),
(1486, 13, 46, 'Strongly Disagree', 1),
(1487, 13, 47, 'Strongly Disagree', 1),
(1488, 13, 48, 'Strongly Disagree', 1),
(1489, 13, 49, 'Strongly Disagree', 1),
(1490, 13, 50, 'Strongly Disagree', 1),
(1491, 13, 51, 'Strongly Disagree', 1),
(1492, 13, 52, 'Strongly Disagree', 1),
(1493, 13, 53, 'Strongly Disagree', 1),
(1494, 13, 54, 'Strongly Disagree', 1),
(1495, 13, 55, 'Strongly Disagree', 1),
(1496, 13, 56, 'Strongly Disagree', 1),
(1497, 13, 57, 'Strongly Disagree', 1),
(1498, 13, 58, 'Strongly Disagree', 1),
(1499, 13, 59, 'Strongly Disagree', 1),
(1500, 13, 60, 'Strongly Disagree', 1),
(1501, 14, 1, 'Strongly Agree', 4),
(1502, 14, 2, 'Strongly Agree', 4),
(1503, 14, 3, 'Strongly Agree', 4),
(1504, 14, 4, 'Strongly Agree', 4),
(1505, 14, 5, 'Strongly Agree', 4),
(1506, 14, 6, 'Strongly Agree', 4),
(1507, 14, 7, 'Strongly Agree', 4),
(1508, 14, 8, 'Strongly Agree', 4),
(1509, 14, 9, 'Strongly Agree', 4),
(1510, 14, 10, 'Strongly Agree', 4),
(1511, 14, 11, 'Strongly Disagree', 1),
(1512, 14, 12, 'Strongly Disagree', 1),
(1513, 14, 13, 'Strongly Disagree', 1),
(1514, 14, 14, 'Strongly Disagree', 1),
(1515, 14, 15, 'Strongly Disagree', 1),
(1516, 14, 16, 'Strongly Disagree', 1),
(1517, 14, 17, 'Strongly Disagree', 1),
(1518, 14, 18, 'Strongly Disagree', 1),
(1519, 14, 19, 'Strongly Disagree', 1),
(1520, 14, 20, 'Strongly Disagree', 1),
(1521, 14, 21, 'Strongly Disagree', 1),
(1522, 14, 22, 'Strongly Disagree', 1),
(1523, 14, 23, 'Strongly Disagree', 1),
(1524, 14, 24, 'Strongly Disagree', 1),
(1525, 14, 25, 'Strongly Disagree', 1),
(1526, 14, 26, 'Strongly Disagree', 1),
(1527, 14, 27, 'Strongly Disagree', 1),
(1528, 14, 28, 'Strongly Disagree', 1),
(1529, 14, 29, 'Strongly Disagree', 1),
(1530, 14, 30, 'Strongly Disagree', 1),
(1531, 14, 31, 'Strongly Disagree', 1),
(1532, 14, 32, 'Strongly Disagree', 1),
(1533, 14, 33, 'Strongly Disagree', 1),
(1534, 14, 34, 'Strongly Disagree', 1),
(1535, 14, 35, 'Strongly Disagree', 1),
(1536, 14, 36, 'Strongly Disagree', 1),
(1537, 14, 37, 'Strongly Disagree', 1),
(1538, 14, 38, 'Strongly Disagree', 1),
(1539, 14, 39, 'Strongly Disagree', 1),
(1540, 14, 40, 'Strongly Disagree', 1),
(1541, 14, 41, 'Strongly Disagree', 1),
(1542, 14, 42, 'Strongly Disagree', 1),
(1543, 14, 43, 'Strongly Disagree', 1),
(1544, 14, 44, 'Strongly Disagree', 1),
(1545, 14, 45, 'Strongly Disagree', 1),
(1546, 14, 46, 'Strongly Disagree', 1),
(1547, 14, 47, 'Strongly Disagree', 1),
(1548, 14, 48, 'Strongly Disagree', 1),
(1549, 14, 49, 'Strongly Disagree', 1),
(1550, 14, 50, 'Strongly Disagree', 1),
(1551, 14, 51, 'Strongly Disagree', 1),
(1552, 14, 52, 'Strongly Disagree', 1),
(1553, 14, 53, 'Strongly Disagree', 1),
(1554, 14, 54, 'Strongly Disagree', 1),
(1555, 14, 55, 'Strongly Disagree', 1),
(1556, 14, 56, 'Strongly Disagree', 1),
(1557, 14, 57, 'Strongly Disagree', 1),
(1558, 14, 58, 'Strongly Disagree', 1),
(1559, 14, 59, 'Strongly Disagree', 1),
(1560, 14, 60, 'Strongly Disagree', 1),
(1561, 15, 1, 'Strongly Disagree', 1),
(1562, 15, 2, 'Strongly Disagree', 1),
(1563, 15, 3, 'Strongly Disagree', 1),
(1564, 15, 4, 'Strongly Disagree', 1),
(1565, 15, 5, 'Strongly Disagree', 1),
(1566, 15, 6, 'Strongly Disagree', 1),
(1567, 15, 7, 'Strongly Disagree', 1),
(1568, 15, 8, 'Strongly Disagree', 1),
(1569, 15, 9, 'Strongly Disagree', 1),
(1570, 15, 10, 'Strongly Disagree', 1),
(1571, 15, 11, 'Strongly Disagree', 1),
(1572, 15, 12, 'Strongly Disagree', 1),
(1573, 15, 13, 'Strongly Disagree', 1),
(1574, 15, 14, 'Strongly Disagree', 1),
(1575, 15, 15, 'Strongly Disagree', 1),
(1576, 15, 16, 'Strongly Disagree', 1),
(1577, 15, 17, 'Strongly Disagree', 1),
(1578, 15, 18, 'Strongly Disagree', 1),
(1579, 15, 19, 'Strongly Disagree', 1),
(1580, 15, 20, 'Strongly Disagree', 1),
(1581, 15, 21, 'Strongly Disagree', 1),
(1582, 15, 22, 'Strongly Disagree', 1),
(1583, 15, 23, 'Strongly Disagree', 1),
(1584, 15, 24, 'Strongly Disagree', 1),
(1585, 15, 25, 'Strongly Disagree', 1),
(1586, 15, 26, 'Strongly Disagree', 1),
(1587, 15, 27, 'Strongly Disagree', 1),
(1588, 15, 28, 'Strongly Disagree', 1),
(1589, 15, 29, 'Strongly Disagree', 1),
(1590, 15, 30, 'Strongly Disagree', 1),
(1591, 15, 31, 'Strongly Agree', 4),
(1592, 15, 32, 'Strongly Agree', 4),
(1593, 15, 33, 'Strongly Agree', 4),
(1594, 15, 34, 'Strongly Agree', 4),
(1595, 15, 35, 'Strongly Agree', 4),
(1596, 15, 36, 'Strongly Agree', 4),
(1597, 15, 37, 'Strongly Agree', 4),
(1598, 15, 38, 'Strongly Agree', 4),
(1599, 15, 39, 'Strongly Agree', 4),
(1600, 15, 40, 'Strongly Agree', 4),
(1601, 15, 41, 'Strongly Disagree', 1),
(1602, 5, 42, 'Strongly Disagree', 1),
(1603, 15, 43, 'Strongly Disagree', 1),
(1604, 15, 44, 'Strongly Disagree', 1),
(1605, 15, 45, 'Strongly Disagree', 1),
(1606, 15, 46, 'Strongly Disagree', 1),
(1607, 15, 47, 'Strongly Disagree', 1),
(1608, 15, 48, 'Strongly Disagree', 1),
(1609, 15, 49, 'Strongly Disagree', 1),
(1610, 15, 50, 'Strongly Disagree', 1),
(1611, 15, 51, 'Strongly Disagree', 1),
(1612, 15, 52, 'Strongly Disagree', 1),
(1613, 15, 53, 'Strongly Disagree', 1),
(1614, 15, 54, 'Strongly Disagree', 1),
(1615, 15, 55, 'Strongly Disagree', 1),
(1616, 15, 56, 'Strongly Disagree', 1),
(1617, 15, 57, 'Strongly Disagree', 1),
(1618, 15, 58, 'Strongly Disagree', 1),
(1619, 15, 59, 'Strongly Disagree', 1),
(1620, 15, 60, 'Strongly Disagree', 1),
(1621, 16, 1, 'Strongly Disagree', 1),
(1622, 16, 2, 'Strongly Disagree', 1),
(1623, 16, 3, 'Strongly Disagree', 1),
(1624, 16, 4, 'Strongly Disagree', 1),
(1625, 16, 5, 'Strongly Disagree', 1),
(1626, 16, 6, 'Strongly Disagree', 1),
(1627, 16, 7, 'Strongly Disagree', 1),
(1628, 16, 8, 'Strongly Disagree', 1),
(1629, 16, 9, 'Strongly Disagree', 1),
(1630, 16, 10, 'Strongly Disagree', 1),
(1631, 16, 11, 'Strongly Disagree', 1),
(1632, 16, 12, 'Strongly Disagree', 1),
(1633, 16, 13, 'Strongly Disagree', 1),
(1634, 16, 14, 'Strongly Disagree', 1),
(1635, 16, 15, 'Strongly Disagree', 1),
(1636, 16, 16, 'Strongly Disagree', 1),
(1637, 16, 17, 'Strongly Disagree', 1),
(1638, 16, 18, 'Strongly Disagree', 1),
(1639, 16, 19, 'Strongly Disagree', 1),
(1640, 16, 20, 'Strongly Disagree', 1),
(1641, 16, 21, 'Strongly Disagree', 1),
(1642, 16, 22, 'Strongly Disagree', 1),
(1643, 16, 23, 'Strongly Disagree', 1),
(1644, 16, 24, 'Strongly Disagree', 1),
(1645, 16, 25, 'Strongly Disagree', 1),
(1646, 16, 26, 'Strongly Disagree', 1),
(1647, 16, 27, 'Strongly Disagree', 1),
(1648, 16, 28, 'Strongly Disagree', 1),
(1649, 16, 29, 'Strongly Disagree', 1),
(1650, 16, 30, 'Strongly Disagree', 1),
(1651, 16, 31, 'Strongly Disagree', 1),
(1652, 16, 32, 'Strongly Disagree', 1),
(1653, 16, 33, 'Strongly Disagree', 1),
(1654, 16, 34, 'Strongly Disagree', 1),
(1655, 16, 35, 'Strongly Disagree', 1),
(1656, 16, 36, 'Strongly Disagree', 1),
(1657, 16, 37, 'Strongly Disagree', 1),
(1658, 16, 38, 'Strongly Disagree', 1),
(1659, 16, 39, 'Strongly Disagree', 1),
(1660, 16, 40, 'Strongly Disagree', 1),
(1661, 16, 41, 'Strongly Disagree', 1),
(1662, 16, 42, 'Strongly Disagree', 1),
(1663, 16, 43, 'Strongly Disagree', 1),
(1664, 16, 44, 'Strongly Disagree', 1),
(1665, 16, 45, 'Strongly Disagree', 1),
(1666, 16, 46, 'Strongly Disagree', 1),
(1667, 16, 47, 'Strongly Disagree', 1),
(1668, 16, 48, 'Strongly Disagree', 1),
(1669, 16, 49, 'Strongly Disagree', 1),
(1670, 16, 50, 'Strongly Disagree', 1),
(1671, 16, 51, 'Strongly Agree', 4),
(1672, 16, 52, 'Strongly Agree', 4),
(1673, 16, 53, 'Strongly Agree', 4),
(1674, 16, 54, 'Strongly Agree', 4),
(1675, 16, 55, 'Strongly Agree', 4),
(1676, 16, 56, 'Strongly Agree', 4),
(1677, 16, 57, 'Strongly Agree', 4),
(1678, 16, 58, 'Strongly Agree', 4),
(1679, 16, 59, 'Strongly Agree', 4),
(1680, 16, 60, 'Strongly Agree', 4),
(1681, 17, 1, 'Strongly Agree', 4),
(1682, 17, 2, 'Strongly Agree', 4),
(1683, 17, 3, 'Strongly Agree', 4),
(1684, 17, 4, 'Strongly Agree', 4),
(1685, 17, 5, 'Strongly Agree', 4),
(1686, 17, 6, 'Strongly Agree', 4),
(1687, 17, 7, 'Strongly Agree', 4),
(1688, 17, 8, 'Strongly Agree', 4),
(1689, 17, 9, 'Strongly Agree', 4),
(1690, 17, 10, 'Strongly Agree', 4),
(1691, 17, 11, 'Strongly Disagree', 1),
(1692, 17, 12, 'Strongly Disagree', 1),
(1693, 17, 13, 'Strongly Disagree', 1),
(1694, 17, 14, 'Strongly Disagree', 1),
(1695, 17, 15, 'Strongly Disagree', 1),
(1696, 17, 16, 'Strongly Disagree', 1),
(1697, 17, 17, 'Strongly Disagree', 1),
(1698, 17, 18, 'Strongly Disagree', 1),
(1699, 17, 19, 'Strongly Disagree', 1),
(1700, 17, 20, 'Strongly Disagree', 1),
(1701, 17, 21, 'Strongly Disagree', 1),
(1702, 17, 22, 'Strongly Disagree', 1),
(1703, 17, 23, 'Strongly Disagree', 1),
(1704, 17, 24, 'Strongly Disagree', 1),
(1705, 17, 25, 'Strongly Disagree', 1),
(1706, 17, 26, 'Strongly Disagree', 1),
(1707, 17, 27, 'Strongly Disagree', 1),
(1708, 17, 28, 'Strongly Disagree', 1),
(1709, 17, 29, 'Strongly Disagree', 1),
(1710, 17, 30, 'Strongly Disagree', 1),
(1711, 17, 31, 'Strongly Disagree', 1),
(1712, 17, 32, 'Strongly Disagree', 1),
(1713, 17, 33, 'Strongly Disagree', 1),
(1714, 17, 34, 'Strongly Disagree', 1),
(1715, 17, 35, 'Strongly Disagree', 1),
(1716, 17, 36, 'Strongly Disagree', 1),
(1717, 17, 37, 'Strongly Disagree', 1),
(1718, 17, 38, 'Strongly Disagree', 1),
(1719, 17, 39, 'Strongly Disagree', 1),
(1720, 17, 40, 'Strongly Disagree', 1),
(1721, 17, 41, 'Strongly Disagree', 1),
(1722, 17, 42, 'Strongly Disagree', 1),
(1723, 17, 43, 'Strongly Disagree', 1),
(1724, 17, 44, 'Strongly Disagree', 1),
(1725, 17, 45, 'Strongly Disagree', 1),
(1726, 17, 46, 'Strongly Disagree', 1),
(1727, 17, 47, 'Strongly Disagree', 1),
(1728, 17, 48, 'Strongly Disagree', 1),
(1729, 17, 49, 'Strongly Disagree', 1),
(1730, 17, 50, 'Strongly Disagree', 1),
(1731, 17, 51, 'Strongly Disagree', 1),
(1732, 17, 52, 'Strongly Disagree', 1),
(1733, 17, 53, 'Strongly Disagree', 1),
(1734, 17, 54, 'Strongly Disagree', 1),
(1735, 17, 55, 'Strongly Disagree', 1),
(1736, 17, 56, 'Strongly Disagree', 1),
(1737, 17, 57, 'Strongly Disagree', 1),
(1738, 17, 58, 'Strongly Disagree', 1),
(1739, 17, 59, 'Strongly Disagree', 1),
(1740, 17, 60, 'Strongly Disagree', 1),
(1741, 18, 1, 'Strongly Agree', 4),
(1742, 18, 2, 'Strongly Agree', 4),
(1743, 18, 3, 'Strongly Agree', 4),
(1744, 18, 4, 'Strongly Agree', 4),
(1745, 18, 5, 'Strongly Agree', 4),
(1746, 18, 6, 'Strongly Agree', 4),
(1747, 18, 7, 'Strongly Agree', 4),
(1748, 18, 8, 'Strongly Agree', 4),
(1749, 18, 9, 'Strongly Agree', 4),
(1750, 18, 10, 'Strongly Agree', 4),
(1751, 18, 11, 'Strongly Disagree', 1),
(1752, 18, 12, 'Strongly Disagree', 1),
(1753, 18, 13, 'Strongly Disagree', 1),
(1754, 18, 14, 'Strongly Disagree', 1),
(1755, 18, 15, 'Strongly Disagree', 1),
(1756, 18, 16, 'Strongly Disagree', 1),
(1757, 18, 17, 'Strongly Disagree', 1),
(1758, 18, 18, 'Strongly Disagree', 1),
(1759, 18, 19, 'Strongly Disagree', 1),
(1760, 18, 20, 'Strongly Disagree', 1),
(1761, 18, 21, 'Strongly Disagree', 1),
(1762, 18, 22, 'Strongly Disagree', 1),
(1763, 18, 23, 'Strongly Disagree', 1),
(1764, 18, 24, 'Strongly Disagree', 1),
(1765, 18, 25, 'Strongly Disagree', 1),
(1766, 18, 26, 'Strongly Disagree', 1),
(1767, 18, 27, 'Strongly Disagree', 1),
(1768, 18, 28, 'Strongly Disagree', 1),
(1769, 18, 29, 'Strongly Disagree', 1),
(1770, 18, 30, 'Strongly Disagree', 1),
(1771, 18, 31, 'Strongly Disagree', 1),
(1772, 18, 32, 'Strongly Disagree', 1),
(1773, 18, 33, 'Strongly Disagree', 1),
(1774, 18, 34, 'Strongly Disagree', 1),
(1775, 18, 35, 'Strongly Disagree', 1),
(1776, 18, 36, 'Strongly Disagree', 1),
(1777, 18, 37, 'Strongly Disagree', 1),
(1778, 18, 38, 'Strongly Disagree', 1),
(1779, 18, 39, 'Strongly Disagree', 1),
(1780, 18, 40, 'Strongly Disagree', 1),
(1781, 18, 41, 'Strongly Disagree', 1),
(1782, 18, 42, 'Strongly Disagree', 1),
(1783, 18, 43, 'Strongly Disagree', 1),
(1784, 18, 44, 'Strongly Disagree', 1),
(1785, 18, 45, 'Strongly Disagree', 1),
(1786, 18, 46, 'Strongly Disagree', 1),
(1787, 18, 47, 'Strongly Disagree', 1),
(1788, 18, 48, 'Strongly Disagree', 1),
(1789, 18, 49, 'Strongly Disagree', 1),
(1790, 18, 50, 'Strongly Disagree', 1),
(1791, 18, 51, 'Strongly Disagree', 1),
(1792, 18, 52, 'Strongly Disagree', 1),
(1793, 18, 53, 'Strongly Disagree', 1),
(1794, 18, 54, 'Strongly Disagree', 1),
(1795, 18, 55, 'Strongly Disagree', 1),
(1796, 18, 56, 'Strongly Disagree', 1),
(1797, 18, 57, 'Strongly Disagree', 1),
(1798, 18, 58, 'Strongly Disagree', 1),
(1799, 18, 59, 'Strongly Disagree', 1),
(1800, 18, 60, 'Strongly Disagree', 1),
(1801, 19, 1, 'Strongly Disagree', 1),
(1802, 19, 2, 'Strongly Disagree', 1),
(1803, 19, 3, 'Strongly Disagree', 1),
(1804, 19, 4, 'Strongly Disagree', 1),
(1805, 19, 5, 'Strongly Disagree', 1),
(1806, 19, 6, 'Strongly Disagree', 1),
(1807, 19, 7, 'Strongly Disagree', 1),
(1808, 19, 8, 'Strongly Disagree', 1),
(1809, 19, 9, 'Strongly Disagree', 1),
(1810, 19, 10, 'Strongly Disagree', 1),
(1811, 19, 11, 'Strongly Disagree', 1),
(1812, 19, 12, 'Strongly Disagree', 1),
(1813, 19, 13, 'Strongly Disagree', 1),
(1814, 19, 14, 'Strongly Disagree', 1),
(1815, 19, 15, 'Strongly Disagree', 1),
(1816, 19, 16, 'Strongly Disagree', 1),
(1817, 19, 17, 'Strongly Disagree', 1),
(1818, 19, 18, 'Strongly Disagree', 1),
(1819, 19, 19, 'Strongly Disagree', 1),
(1820, 19, 20, 'Strongly Disagree', 1),
(1821, 19, 21, 'Strongly Disagree', 1),
(1822, 19, 22, 'Strongly Disagree', 1),
(1823, 19, 23, 'Strongly Disagree', 1),
(1824, 19, 24, 'Strongly Disagree', 1),
(1825, 19, 25, 'Strongly Disagree', 1),
(1826, 19, 26, 'Strongly Disagree', 1),
(1827, 19, 27, 'Strongly Disagree', 1),
(1828, 19, 28, 'Strongly Disagree', 1),
(1829, 19, 29, 'Strongly Disagree', 1),
(1830, 19, 30, 'Strongly Disagree', 1),
(1831, 19, 31, 'Strongly Disagree', 1),
(1832, 19, 32, 'Strongly Disagree', 1),
(1833, 19, 33, 'Strongly Disagree', 1),
(1834, 19, 34, 'Strongly Disagree', 1),
(1835, 19, 35, 'Strongly Disagree', 1),
(1836, 19, 36, 'Strongly Disagree', 1),
(1837, 19, 37, 'Strongly Disagree', 1),
(1838, 19, 38, 'Strongly Disagree', 1),
(1839, 19, 39, 'Strongly Disagree', 1),
(1840, 19, 40, 'Strongly Disagree', 1),
(1841, 19, 41, 'Strongly Agree', 4),
(1842, 19, 42, 'Strongly Agree', 4),
(1843, 19, 43, 'Strongly Agree', 4),
(1844, 19, 44, 'Strongly Agree', 4),
(1845, 19, 45, 'Strongly Agree', 4),
(1846, 19, 46, 'Strongly Agree', 4),
(1847, 19, 47, 'Strongly Agree', 4),
(1848, 19, 48, 'Strongly Agree', 4),
(1849, 19, 49, 'Strongly Agree', 4),
(1850, 19, 50, 'Strongly Agree', 4),
(1851, 19, 51, 'Strongly Disagree', 1),
(1852, 19, 52, 'Strongly Disagree', 1),
(1853, 19, 53, 'Strongly Disagree', 1),
(1854, 19, 54, 'Strongly Disagree', 1),
(1855, 19, 55, 'Strongly Disagree', 1),
(1856, 19, 56, 'Strongly Disagree', 1),
(1857, 19, 57, 'Strongly Disagree', 1),
(1858, 19, 58, 'Strongly Disagree', 1),
(1859, 19, 59, 'Strongly Disagree', 1),
(1860, 19, 60, 'Strongly Disagree', 1),
(1861, 20, 1, 'Strongly Disagree', 1),
(1862, 20, 2, 'Strongly Disagree', 1),
(1863, 20, 3, 'Strongly Disagree', 1),
(1864, 20, 4, 'Strongly Disagree', 1),
(1865, 20, 5, 'Strongly Disagree', 1),
(1866, 20, 6, 'Strongly Disagree', 1),
(1867, 20, 7, 'Strongly Disagree', 1),
(1868, 20, 8, 'Strongly Disagree', 1),
(1869, 20, 9, 'Strongly Disagree', 1),
(1870, 20, 10, 'Strongly Disagree', 1),
(1871, 20, 11, 'Strongly Disagree', 1),
(1872, 20, 12, 'Strongly Disagree', 1),
(1873, 20, 13, 'Strongly Disagree', 1),
(1874, 20, 14, 'Strongly Disagree', 1),
(1875, 20, 15, 'Strongly Disagree', 1),
(1876, 20, 16, 'Strongly Disagree', 1),
(1877, 20, 17, 'Strongly Disagree', 1),
(1878, 20, 18, 'Strongly Disagree', 1),
(1879, 20, 19, 'Strongly Disagree', 1),
(1880, 20, 20, 'Strongly Disagree', 1),
(1881, 20, 21, 'Strongly Disagree', 1),
(1882, 20, 22, 'Strongly Disagree', 1),
(1883, 20, 23, 'Strongly Disagree', 1),
(1884, 20, 24, 'Strongly Disagree', 1),
(1885, 20, 25, 'Strongly Disagree', 1),
(1886, 20, 26, 'Strongly Disagree', 1),
(1887, 20, 27, 'Strongly Disagree', 1),
(1888, 20, 28, 'Strongly Disagree', 1),
(1889, 20, 29, 'Strongly Disagree', 1),
(1890, 20, 30, 'Strongly Disagree', 1),
(1891, 20, 31, 'Strongly Disagree', 1),
(1892, 20, 32, 'Strongly Disagree', 1),
(1893, 20, 33, 'Strongly Disagree', 1),
(1894, 20, 34, 'Strongly Disagree', 1),
(1895, 20, 35, 'Strongly Disagree', 1),
(1896, 20, 36, 'Strongly Disagree', 1),
(1897, 20, 37, 'Strongly Disagree', 1),
(1898, 20, 38, 'Strongly Disagree', 1),
(1899, 20, 39, 'Strongly Disagree', 1),
(1900, 20, 40, 'Strongly Disagree', 1),
(1901, 20, 41, 'Strongly Agree', 4),
(1902, 20, 42, 'Strongly Agree', 4),
(1903, 20, 43, 'Strongly Agree', 4),
(1904, 20, 44, 'Strongly Agree', 4),
(1905, 20, 45, 'Strongly Agree', 4),
(1906, 20, 46, 'Strongly Agree', 4),
(1907, 20, 47, 'Strongly Agree', 4),
(1908, 20, 48, 'Strongly Agree', 4),
(1909, 20, 49, 'Strongly Agree', 4),
(1910, 20, 50, 'Strongly Agree', 4),
(1911, 20, 51, 'Strongly Disagree', 1),
(1912, 20, 52, 'Strongly Disagree', 1),
(1913, 20, 53, 'Strongly Disagree', 1),
(1914, 20, 54, 'Strongly Disagree', 1),
(1915, 20, 55, 'Strongly Disagree', 1),
(1916, 20, 56, 'Strongly Disagree', 1),
(1917, 20, 57, 'Strongly Disagree', 1),
(1918, 20, 58, 'Strongly Disagree', 1),
(1919, 20, 59, 'Strongly Disagree', 1),
(1920, 20, 60, 'Strongly Disagree', 1),
(2281, 106, 1, 'Disagree', 2),
(2282, 106, 2, 'Strongly Agree', 4),
(2283, 106, 3, 'Strongly Disagree', 1),
(2284, 106, 4, 'Strongly Agree', 4),
(2285, 106, 5, 'Agree', 3),
(2286, 106, 6, 'Agree', 3),
(2287, 106, 7, 'Strongly Agree', 4),
(2288, 106, 8, 'Strongly Disagree', 1),
(2289, 106, 9, 'Strongly Agree', 4),
(2290, 106, 10, 'Agree', 3),
(2291, 106, 11, 'Agree', 3),
(2292, 106, 12, 'Strongly Agree', 4),
(2293, 106, 13, 'Disagree', 2),
(2294, 106, 14, 'Disagree', 2),
(2295, 106, 15, 'Agree', 3),
(2296, 106, 16, 'Strongly Disagree', 1),
(2297, 106, 17, 'Strongly Agree', 4),
(2298, 106, 18, 'Agree', 3),
(2299, 106, 19, 'Agree', 3),
(2300, 106, 20, 'Disagree', 2),
(2301, 106, 21, 'Strongly Disagree', 1),
(2302, 106, 22, 'Disagree', 2),
(2303, 106, 23, 'Strongly Agree', 4),
(2304, 106, 24, 'Strongly Agree', 4),
(2305, 106, 25, 'Strongly Agree', 4),
(2306, 106, 26, 'Strongly Agree', 4),
(2307, 106, 27, 'Agree', 3),
(2308, 106, 28, 'Disagree', 2),
(2309, 106, 29, 'Disagree', 2),
(2310, 106, 30, 'Disagree', 2),
(2311, 106, 31, 'Disagree', 2),
(2312, 106, 32, 'Agree', 3),
(2313, 106, 33, 'Strongly Agree', 4),
(2314, 106, 34, 'Strongly Agree', 4),
(2315, 106, 35, 'Strongly Agree', 4),
(2316, 106, 36, 'Agree', 3),
(2317, 106, 37, 'Strongly Agree', 4),
(2318, 106, 38, 'Strongly Agree', 4),
(2319, 106, 39, 'Strongly Agree', 4),
(2320, 106, 40, 'Agree', 3),
(2321, 106, 41, 'Agree', 3),
(2322, 106, 42, 'Agree', 3),
(2323, 106, 43, 'Agree', 3),
(2324, 106, 44, 'Agree', 3),
(2325, 106, 45, 'Disagree', 2),
(2326, 106, 46, 'Strongly Disagree', 1),
(2327, 106, 47, 'Strongly Agree', 4),
(2328, 106, 48, 'Strongly Disagree', 1),
(2329, 106, 49, 'Strongly Agree', 4),
(2330, 106, 50, 'Agree', 3),
(2331, 106, 51, 'Disagree', 2),
(2332, 106, 52, 'Strongly Agree', 4),
(2333, 106, 53, 'Strongly Agree', 4),
(2334, 106, 54, 'Strongly Agree', 4),
(2335, 106, 55, 'Strongly Agree', 4),
(2336, 106, 56, 'Disagree', 2),
(2337, 106, 57, 'Disagree', 2),
(2338, 106, 58, 'Agree', 3),
(2339, 106, 59, 'Disagree', 2),
(2340, 106, 60, 'Agree', 3),
(2341, 110, 1, 'Strongly Agree', 4),
(2342, 110, 2, 'Agree', 3),
(2343, 110, 3, 'Strongly Agree', 4),
(2344, 110, 4, 'Strongly Agree', 4),
(2345, 110, 5, 'Strongly Agree', 4),
(2346, 110, 6, 'Agree', 3),
(2347, 110, 7, 'Agree', 3),
(2348, 110, 8, 'Agree', 3),
(2349, 110, 9, 'Agree', 3),
(2350, 110, 10, 'Disagree', 2),
(2351, 110, 11, 'Agree', 3),
(2352, 110, 12, 'Strongly Agree', 4),
(2353, 110, 13, 'Strongly Agree', 4),
(2354, 110, 14, 'Strongly Agree', 4),
(2355, 110, 15, 'Agree', 3),
(2356, 110, 16, 'Disagree', 2),
(2357, 110, 17, 'Strongly Agree', 4),
(2358, 110, 18, 'Strongly Agree', 4),
(2359, 110, 19, 'Strongly Agree', 4),
(2360, 110, 20, 'Strongly Agree', 4),
(2361, 110, 21, 'Strongly Agree', 4),
(2362, 110, 22, 'Agree', 3),
(2363, 110, 23, 'Disagree', 2),
(2364, 110, 24, 'Disagree', 2),
(2365, 110, 25, 'Agree', 3),
(2366, 110, 26, 'Strongly Agree', 4),
(2367, 110, 27, 'Strongly Agree', 4),
(2368, 110, 28, 'Strongly Disagree', 1),
(2369, 110, 29, 'Disagree', 2),
(2370, 110, 30, 'Disagree', 2),
(2371, 110, 31, 'Agree', 3),
(2372, 110, 32, 'Disagree', 2),
(2373, 110, 33, 'Disagree', 2),
(2374, 110, 34, 'Disagree', 2),
(2375, 110, 35, 'Agree', 3),
(2376, 110, 36, 'Agree', 3),
(2377, 110, 37, 'Agree', 3),
(2378, 110, 38, 'Agree', 3),
(2379, 110, 39, 'Agree', 3),
(2380, 110, 40, 'Agree', 3),
(2381, 110, 41, 'Disagree', 2),
(2382, 110, 42, 'Disagree', 2),
(2383, 110, 43, 'Agree', 3),
(2384, 110, 44, 'Disagree', 2),
(2385, 110, 45, 'Agree', 3),
(2386, 110, 46, 'Strongly Agree', 4),
(2387, 110, 47, 'Agree', 3),
(2388, 110, 48, 'Disagree', 2),
(2389, 110, 49, 'Strongly Agree', 4),
(2390, 110, 50, 'Strongly Agree', 4),
(2391, 110, 51, 'Strongly Agree', 4),
(2392, 110, 52, 'Agree', 3),
(2393, 110, 53, 'Agree', 3),
(2394, 110, 54, 'Agree', 3),
(2395, 110, 55, 'Agree', 3),
(2396, 110, 56, 'Agree', 3),
(2397, 110, 57, 'Disagree', 2),
(2398, 110, 58, 'Agree', 3),
(2399, 110, 59, 'Agree', 3),
(2400, 110, 60, 'Agree', 3),
(2402, 111, 1, 'Disagree', 2),
(2403, 111, 2, 'Strongly Agree', 4),
(2404, 111, 3, 'Agree', 3),
(2405, 111, 4, 'Strongly Agree', 4),
(2406, 111, 5, 'Strongly Agree', 4),
(2407, 111, 6, 'Strongly Agree', 4),
(2408, 111, 7, 'Strongly Agree', 4),
(2409, 111, 8, 'Strongly Agree', 4),
(2410, 111, 9, 'Strongly Agree', 4),
(2411, 111, 10, 'Agree', 3),
(2412, 111, 11, 'Agree', 3),
(2413, 111, 12, 'Strongly Agree', 4),
(2414, 111, 13, 'Disagree', 2),
(2415, 111, 14, 'Strongly Agree', 4),
(2416, 111, 15, 'Strongly Agree', 4),
(2417, 111, 16, 'Strongly Agree', 4),
(2418, 111, 17, 'Strongly Agree', 4),
(2419, 111, 18, 'Strongly Agree', 4),
(2420, 111, 19, 'Agree', 3),
(2421, 111, 20, 'Strongly Agree', 4),
(2422, 111, 21, 'Agree', 3),
(2423, 111, 22, 'Disagree', 2),
(2424, 111, 23, 'Agree', 3),
(2425, 111, 24, 'Strongly Disagree', 1),
(2426, 111, 25, 'Agree', 3),
(2427, 111, 26, 'Disagree', 2),
(2428, 111, 27, 'Strongly Agree', 4),
(2429, 111, 28, 'Agree', 3),
(2430, 111, 29, 'Strongly Agree', 4),
(2431, 111, 30, 'Strongly Agree', 4),
(2432, 111, 31, 'Agree', 3),
(2433, 111, 32, 'Strongly Disagree', 1),
(2434, 111, 33, 'Disagree', 2),
(2435, 111, 34, 'Agree', 3),
(2436, 111, 35, 'Strongly Agree', 4),
(2437, 111, 36, 'Disagree', 2),
(2438, 111, 37, 'Disagree', 2),
(2439, 111, 38, 'Disagree', 2),
(2440, 111, 39, 'Agree', 3),
(2441, 111, 40, 'Strongly Disagree', 1),
(2442, 111, 41, 'Strongly Disagree', 1),
(2443, 111, 42, 'Disagree', 2),
(2444, 111, 43, 'Agree', 3),
(2445, 111, 44, 'Disagree', 2),
(2446, 111, 45, 'Disagree', 2),
(2447, 111, 46, 'Agree', 3),
(2448, 111, 47, 'Strongly Agree', 4),
(2449, 111, 48, 'Disagree', 2),
(2450, 111, 49, 'Strongly Disagree', 1),
(2451, 111, 50, 'Strongly Disagree', 1),
(2452, 111, 51, 'Strongly Disagree', 1),
(2453, 111, 52, 'Disagree', 2),
(2454, 111, 53, 'Disagree', 2),
(2455, 111, 54, 'Disagree', 2),
(2456, 111, 55, 'Agree', 3),
(2457, 111, 56, 'Disagree', 2),
(2458, 111, 57, 'Strongly Agree', 4),
(2459, 111, 58, 'Agree', 3),
(2460, 111, 59, 'Strongly Agree', 4),
(2461, 111, 60, 'Agree', 3);

-- --------------------------------------------------------

--
-- Table structure for table `career_detail`
--

CREATE TABLE `career_detail` (
  `career_type` enum('Artistic','Conventional','Realistic','Social','Investigative','Enterprising') NOT NULL,
  `job` varchar(255) NOT NULL,
  `job_description` text NOT NULL,
  `qualifications` text NOT NULL
) ENGINE=InnoDB DEFAULT CHARSET=utf8mb4 COLLATE=utf8mb4_general_ci;

--
-- Dumping data for table `career_detail`
--

INSERT INTO `career_detail` (`career_type`, `job`, `job_description`, `qualifications`) VALUES
('Conventional', 'Accountant', 'Accountants manage financial records, prepare taxes, and ensure compliance with regulations. They analyze financial data to help organizations make informed decisions.', 'Typically requires a bachelor’s degree in accounting or finance. Certification (CPA) may be necessary for higher-level positions.'),
('Artistic', 'Actor', 'Actors portray characters in theater, film, television, or other media. They interpret scripts and bring stories to life through performance.', 'Training from drama schools or acting classes is common. Experience in theater productions and auditions is essential for building a career.'),
('Conventional', 'Administrative Assistant', 'Administrative assistants support office operations by managing schedules, communications, and documentation.', 'A high school diploma is often sufficient; however, an associate degree or specialized training can enhance job prospects.'),
('Artistic', 'Artist', 'Artists express ideas and emotions through various mediums such as painting, sculpture, or digital art. Their work can be personal or commercial.', 'While formal education isn’t always necessary, many artists hold degrees in fine arts or related fields. A strong portfolio and networking are crucial for success.'),
('Conventional', 'Bank Teller', 'Bank tellers handle customer transactions such as deposits and withdrawals while providing excellent customer service.', 'Typically requires a high school diploma; on-the-job training is common.'),
('Realistic', 'Carpenter', 'Carpenters construct and repair building frameworks and structures made of wood and other materials.', 'Requires completion of an apprenticeship program; high school diploma is often needed.'),
('Enterprising', 'CEO', 'CEOs lead organizations by making strategic decisions that drive growth and ensure operational efficiency.', 'Often requires extensive experience in management; many hold advanced degrees such as an MBA.'),
('Social', 'Counselor', 'Counselors provide guidance to individuals facing personal challenges. They help clients set goals and develop coping strategies.', 'A master’s degree in counseling or psychology is generally required; licensure depends on the state.'),
('Conventional', 'Data Analyst', 'Data analysts interpret complex datasets to provide insights that inform business decisions. They use statistical tools and software to analyze trends.', 'A bachelor’s degree in data science, statistics, or a related field is often required. Proficiency in data analysis software (e.g., Excel, SQL) is essential.'),
('Investigative', 'Data Scientist', 'Data scientists analyze complex data sets using statistical methods to inform business strategies and decisions.', ' A master’s degree in data science or related fields is common; proficiency in programming languages (e.g., Python) is essential.'),
('Investigative', 'Doctor', 'Doctors diagnose and treat illnesses while providing preventive care to patients across various specialties.', 'Requires a medical degree (MD or DO), completion of residency training, and licensure.'),
('Realistic', 'Electrician', 'Electricians install and maintain electrical systems in homes, businesses, and factories.', 'Requires an apprenticeship program completion; licensure is often mandatory.'),
('Realistic', 'Engineer', 'Engineers apply scientific principles to design and develop structures, machines, and systems across various fields (e.g., civil, mechanical).', 'A bachelor’s degree in engineering is required; professional licensure (PE) may be necessary for certain positions.'),
('Enterprising', 'Entrepreneur', 'Entrepreneurs start and manage their own businesses while taking on financial risks for potential profit.', 'No formal education requirement exists; however, knowledge of business management principles is beneficial.'),
('Investigative', 'Forensic Scientist', 'Forensic scientists analyze physical evidence collected from crime scenes to assist law enforcement investigations.', 'Typically requires a bachelor’s degree in forensic science or a related field; advanced roles may require further education.'),
('Artistic', 'Graphic Designer', 'Graphic designers create visual content to communicate messages. They use typography, imagery, color, and layout to design everything from logos to advertisements.', 'Typically requires a bachelor’s degree in graphic design or a related field. Proficiency in design software (e.g., Adobe Creative Suite) is essential, along with a strong portfolio showcasing design skills.'),
('Social', 'Human Resources Manager', 'HR managers oversee hiring processes, employee relations, benefits administration, and compliance with labor laws.', 'A bachelor’s degree in human resources or business administration is typical; certifications (e.g., SHRM-SCP) can enhance career prospects.'),
('Enterprising', 'Marketing Specialist', 'Marketing specialists develop strategies to promote products or services through various channels.', 'A bachelor’s degree in marketing or communications is typically required; experience with digital marketing tools is beneficial.'),
('Realistic', 'Mechanic', 'Mechanics diagnose and repair vehicles mechanical issues. They work on engines, brakes, transmissions, etc.', 'Technical training from vocational schools; certification (e.g., ASE) can enhance job prospects.'),
('Artistic', 'Musician', 'Musicians create, perform, and record music across genres. They may work solo or as part of a band or ensemble.', 'Skills can be developed through formal education (degrees in music) or self-taught methods. Experience performing live and a portfolio of recordings are important.'),
('Social', 'Nurse', ' Nurses provide patient care, administer medications, and collaborate with healthcare teams to improve patient outcomes.', ' An associate or bachelor’s degree in nursing is required; passing the NCLEX-RN exam for licensure is essential.'),
('Artistic', 'Photographer', 'Photographers capture images that tell stories or convey messages. They may specialize in various fields such as portrait, commercial, or documentary photography.', 'A degree in photography or a related field can be beneficial but is not mandatory. A strong portfolio and technical skills in photo editing software are vital.'),
('Enterprising', 'Real Estate Agent', 'Real estate agents assist clients in buying, selling, or renting properties while providing market insights.', 'Requires state-specific licensing; many agents have backgrounds in business or finance.'),
('Investigative', 'Researcher', 'Researchers investigate specific topics to gather data that contributes to scientific knowledge or practical applications.', 'Typically requires at least a master’s degree; advanced positions often need a PhD.'),
('Enterprising', 'Sales Manager', 'Sales managers lead sales teams to achieve targets while developing strategies for sales growth.', 'A bachelor’s degree in business administration or marketing is common; experience in sales management enhances prospects.'),
('Investigative', 'Scientist', 'Scientists conduct research to advance knowledge across various disciplines such as biology, chemistry, physics, etc.', 'A doctoral degree (PhD) is often required for research positions; master’s degrees may suffice for some roles.'),
('Social', 'Social Worker', 'Social workers assist individuals and families in overcoming challenges related to mental health, poverty, or social issues.', 'A bachelor’s degree in social work (BSW) is often needed; advanced positions require a Master of Social Work (MSW).'),
('Conventional', 'Tax Specialist', 'Tax specialists prepare tax returns and provide advice on tax-related matters to individuals and businesses.', 'A bachelor’s degree in accounting or finance is usually required; certification (e.g., Enrolled Agent) may enhance job opportunities.'),
('Social', 'Teacher', 'Teachers educate students in various subjects while fostering critical thinking and personal development.', 'A bachelor’s degree in education is typically required; teaching certification varies by state.'),
('Realistic', 'Technician', 'Technicians support engineers by performing technical tasks related to machinery, electronics, or systems maintenance.', 'An associate degree or technical certification is typically required.');

-- --------------------------------------------------------

--
-- Table structure for table `career_personality`
--

CREATE TABLE `career_personality` (
  `career_type` varchar(50) NOT NULL,
  `description` text NOT NULL,
  `explanation` text NOT NULL,
  `job` varchar(100) NOT NULL
) ENGINE=InnoDB DEFAULT CHARSET=utf8mb4 COLLATE=utf8mb4_general_ci;

--
-- Dumping data for table `career_personality`
--

INSERT INTO `career_personality` (`career_type`, `description`, `explanation`, `job`) VALUES
('Conventional', 'Conventional types prefer structured environments where they can work with data and follow established procedures. They value organization and efficiency.', 'These individuals excel in roles that require attention to detail and adherence to rules. Common career paths include accounting, administration, data management, and other fields that emphasize orderliness and systematic processes.', 'Accountant'),
('Artistic', 'Artistic individuals are creative and expressive, enjoying activities that allow for personal expression through art, music, writing, or performance.', 'They thrive in unstructured environments where they can explore their imagination and innovate. Careers in the arts, design, media, and entertainment are common paths for those who identify with this type.', 'Actor'),
('Conventional', 'Conventional types prefer structured environments where they can work with data and follow established procedures. They value organization and efficiency.', 'These individuals excel in roles that require attention to detail and adherence to rules. Common career paths include accounting, administration, data management, and other fields that emphasize orderliness and systematic processes.', 'Administrative Assistant'),
('Artistic', 'Artistic individuals are creative and expressive, enjoying activities that allow for personal expression through art, music, writing, or performance.', 'They thrive in unstructured environments where they can explore their imagination and innovate. Careers in the arts, design, media, and entertainment are common paths for those who identify with this type.', 'Artist'),
('Conventional', 'Conventional types prefer structured environments where they can work with data and follow established procedures. They value organization and efficiency.', 'These individuals excel in roles that require attention to detail and adherence to rules. Common career paths include accounting, administration, data management, and other fields that emphasize orderliness and systematic processes.', 'Bank Teller'),
('Realistic', 'Realistic individuals prefer hands-on activities that involve working with tools, machines, or animals. They often enjoy practical problem-solving and are typically more comfortable in environments that require physical skills and coordination.', 'People with a Realistic orientation tend to avoid social interactions in favor of tasks that yield tangible results. They value concrete outcomes and often excel in fields such as engineering, agriculture, and trades where they can apply their mechanical or technical abilities.', 'Carpenter'),
('Enterprising', 'Enterprising individuals are ambitious and persuasive, often drawn to leadership roles where they can influence others or manage projects.', 'They enjoy taking risks and pursuing goals related to business or politics. Careers in management, sales, entrepreneurship, or public relations are typical for those who fit this personality type', 'CEO'),
('Social', 'Social types are inclined towards helping others and engaging in interpersonal relationships. They find fulfillment in teaching counseling nursing or community service.', 'These individuals value collaboration and often seek roles that involve direct interaction with people. Their empathetic nature makes them effective in professions focused on support and guidance.', 'Counselor'),
('Conventional', 'Conventional types prefer structured environments where they can work with data and follow established procedures. They value organization and efficiency.', 'These individuals excel in roles that require attention to detail and adherence to rules. Common career paths include accounting, administration, data management, and other fields that emphasize orderliness and systematic processes.', 'Data Analyst'),
('Investigative', 'Investigative types are analytical and enjoy exploring ideas and concepts. They prefer working independently with data rather than engaging in social interactions or persuading others.', 'These individuals are drawn to scientific and mathematical challenges, often excelling in research, laboratory work, or technical fields. Their strengths lie in problem-solving and critical thinking, making them well-suited for careers in science, technology, engineering, and mathematics (STEM)', 'Data Scientist'),
('Investigative', 'Investigative types are analytical and enjoy exploring ideas and concepts. They prefer working independently with data rather than engaging in social interactions or persuading others.', 'These individuals are drawn to scientific and mathematical challenges, often excelling in research, laboratory work, or technical fields. Their strengths lie in problem-solving and critical thinking, making them well-suited for careers in science, technology, engineering, and mathematics (STEM)', 'Doctor'),
('Realistic', 'Realistic individuals prefer hands-on activities that involve working with tools, machines, or animals. They often enjoy practical problem-solving and are typically more comfortable in environments that require physical skills and coordination.', 'People with a Realistic orientation tend to avoid social interactions in favor of tasks that yield tangible results. They value concrete outcomes and often excel in fields such as engineering, agriculture, and trades where they can apply their mechanical or technical abilities.', 'Electrician'),
('Realistic', 'Realistic individuals prefer hands-on activities that involve working with tools, machines, or animals. They often enjoy practical problem-solving and are typically more comfortable in environments that require physical skills and coordination.', 'People with a Realistic orientation tend to avoid social interactions in favor of tasks that yield tangible results. They value concrete outcomes and often excel in fields such as engineering, agriculture, and trades where they can apply their mechanical or technical abilities.', 'Engineer'),
('Enterprising', 'Enterprising individuals are ambitious and persuasive, often drawn to leadership roles where they can influence others or manage projects.', 'They enjoy taking risks and pursuing goals related to business or politics. Careers in management, sales, entrepreneurship, or public relations are typical for those who fit this personality type', 'Entrepreneur'),
('Investigative', 'Investigative types are analytical and enjoy exploring ideas and concepts. They prefer working independently with data rather than engaging in social interactions or persuading others.', 'These individuals are drawn to scientific and mathematical challenges, often excelling in research, laboratory work, or technical fields. Their strengths lie in problem-solving and critical thinking, making them well-suited for careers in science, technology, engineering, and mathematics (STEM)', 'Forensic Scientist'),
('Artistic', 'Artistic individuals are creative and expressive, enjoying activities that allow for personal expression through art, music, writing, or performance.', 'They thrive in unstructured environments where they can explore their imagination and innovate. Careers in the arts, design, media, and entertainment are common paths for those who identify with this type.', 'Graphic Designer'),
('Social', 'Social types are inclined towards helping othersand engagingin interpersonal relationships.They find fulfillment inteaching,counseling,nursingorcommunity service.', 'These individuals value collaboration and often seek roles that involve direct interaction with people. Their empathetic nature makes them effective in professions focused on support and guidance.', 'Human Resources Manager'),
('Enterprising', 'Enterprising individuals are ambitious and persuasive, often drawn to leadership roles where they can influence others or manage projects.', 'They enjoy taking risks and pursuing goals related to business or politics. Careers in management, sales, entrepreneurship, or public relations are typical for those who fit this personality type', 'Marketing Specialist'),
('Realistic', 'Realistic individuals prefer hands-on activities that involve working with tools, machines, or animals. They often enjoy practical problem-solving and are typically more comfortable in environments that require physical skills and coordination.', 'People with a Realistic orientation tend to avoid social interactions in favor of tasks that yield tangible results. They value concrete outcomes and often excel in fields such as engineering, agriculture, and trades where they can apply their mechanical or technical abilities.', 'Mechanic'),
('Artistic', 'Artistic individuals are creative and expressive, enjoying activities that allow for personal expression through art, music, writing, or performance.', 'They thrive in unstructured environments where they can explore their imagination and innovate. Careers in the arts, design, media, and entertainment are common paths for those who identify with this type.', 'Musician'),
('Social', 'Social types are inclined towards helping others and engaging in interpersonal relationships. They find fulfillment in teaching counseling nursing or community service.', 'These individuals value collaboration and often seek roles that involve direct interaction with people. Their empathetic nature makes them effective in professions focused on support and guidance.', 'Nurse'),
('Artistic', 'Artistic individuals are creative and expressive, enjoying activities that allow for personal expression through art, music, writing, or performance.', 'They thrive in unstructured environments where they can explore their imagination and innovate. Careers in the arts, design, media, and entertainment are common paths for those who identify with this type.', 'Photographer'),
('Enterprising', 'Enterprising individuals are ambitious and persuasive, often drawn to leadership roles where they can influence others or manage projects.', 'They enjoy taking risks and pursuing goals related to business or politics. Careers in management, sales, entrepreneurship, or public relations are typical for those who fit this personality type', 'Realtor'),
('Investigative', 'Investigative types are analytical and enjoy exploring ideas and concepts. They prefer working independently with data rather than engaging in social interactions or persuading others.', 'These individuals are drawn to scientific and mathematical challenges, often excelling in research, laboratory work, or technical fields. Their strengths lie in problem-solving and critical thinking, making them well-suited for careers in science, technology, engineering, and mathematics (STEM)', 'Researcher'),
('Enterprising', 'Enterprising individuals are ambitious and persuasive, often drawn to leadership roles where they can influence others or manage projects.', 'They enjoy taking risks and pursuing goals related to business or politics. Careers in management, sales, entrepreneurship, or public relations are typical for those who fit this personality type', 'Sales Manager'),
('Investigative', 'Investigative types are analytical and enjoy exploring ideas and concepts. They prefer working independently with data rather than engaging in social interactions or persuading others.', 'These individuals are drawn to scientific and mathematical challenges, often excelling in research, laboratory work, or technical fields. Their strengths lie in problem-solving and critical thinking, making them well-suited for careers in science, technology, engineering, and mathematics (STEM)', 'Scientist'),
('Social', 'Social types are inclined towards helping others and engaging in interpersonal relationships. They find fulfillment in teaching counseling nursing or community service.', 'These individuals value collaboration and often seek roles that involve direct interaction with people. Their empathetic nature makes them effective in professions focused on support and guidance.', 'Social Worker'),
('Conventional', 'Conventional types prefer structured environments where they can work with data and follow established procedures. They value organization and efficiency.', 'These individuals excel in roles that require attention to detail and adherence to rules. Common career paths include accounting, administration, data management, and other fields that emphasize orderliness and systematic processes.', 'Tax Specialist'),
('Social', 'Social types are inclined towards helping others and engaging in interpersonal relationships. They find fulfillment in teaching, counseling, nursing or community service.', 'These individuals value collaboration and often seek roles that involve direct interaction with people. Their empathetic nature makes them effective in professions focused on support and guidance.', 'Teacher'),
('Realistic', 'Realistic individuals prefer hands-on activities that involve working with tools, machines, or animals. They often enjoy practical problem-solving and are typically more comfortable in environments that require physical skills and coordination.', 'People with a Realistic orientation tend to avoid social interactions in favor of tasks that yield tangible results. They value concrete outcomes and often excel in fields such as engineering, agriculture, and trades where they can apply their mechanical or technical abilities.', 'Technician');

-- --------------------------------------------------------

--
-- Table structure for table `questions`
--

CREATE TABLE `questions` (
  `id` int(11) NOT NULL,
  `question` text NOT NULL,
  `category` enum('Artistic','Conventional','Realistic','Social','Investigative','Enterprising') NOT NULL
) ENGINE=InnoDB DEFAULT CHARSET=utf8mb4 COLLATE=utf8mb4_general_ci;

--
-- Dumping data for table `questions`
--

INSERT INTO `questions` (`id`, `question`, `category`) VALUES
(1, 'I enjoy taking charge of projects and leading a team', 'Enterprising'),
(2, 'I feel confident making decisions in high-pressure situations.', 'Enterprising'),
(3, 'I am comfortable persuading others to support my ideas.', 'Enterprising'),
(4, 'I prefer dynamic, fast-paced environments over routine tasks.', 'Enterprising'),
(5, 'I am interested in starting or managing my own business', 'Enterprising'),
(6, 'I enjoy taking charge of projects and leading a team.', 'Enterprising'),
(7, 'I like to Organize and manage school and outside activities', 'Enterprising'),
(8, 'I enjoy lead others in group projects', 'Enterprising'),
(9, 'I like to convince my friends to change their minds', 'Enterprising'),
(10, 'I prefer approach new tasks with selfconfidence', 'Enterprising'),
(11, 'I find helping others to be personally fulfilling', 'Social'),
(12, 'I enjoy collaborating with others to achieve common goals', 'Social'),
(13, 'I feel comfortable resolving conflicts between people', 'Social'),
(14, 'I prefer working in roles that allow me to build relationships with others', 'Social'),
(15, 'I enjoy mentoring or teaching others to help them succeed.', 'Social'),
(16, 'I prefer Work with groups of people on a project', 'Social'),
(17, 'I like to give emotional support to a friend in need', 'Social'),
(18, 'I enjoy volunteer in school and community projects', 'Social'),
(19, 'I like to provide advice to a friend on how to solve a problem', 'Social'),
(20, 'I like teach a friend how to do something new', 'Social'),
(21, 'I enjoy solving complex problems or puzzles', 'Investigative'),
(22, 'I feel excited about learning and discovering new ideas', 'Investigative'),
(23, 'I enjoy working with data, statistics, or research to find patterns.', 'Investigative'),
(24, 'I prefer jobs that require analytical and critical thinking skills.', 'Investigative'),
(25, 'I feel fulfilled when I uncover solutions to technical or theoretical challenges.', 'Investigative'),
(26, 'I like to analyze reports and draw conclusions from them', 'Investigative'),
(27, 'I prfer to learn new information and be energized by it', 'Investigative'),
(28, 'I enjoy research topics on my own that i find interesting', 'Investigative'),
(29, 'I prefer study subjects that i enjoy to become an expert in them', 'Investigative'),
(30, 'I enjoy Work independently to solve complicated problems (like math puzzles)', 'Investigative'),
(31, 'I like working with my hands to build or fix things', 'Realistic'),
(32, 'I like to participate in athlete competitions', 'Realistic'),
(33, 'I like to Work effectively with my hands', 'Realistic'),
(34, 'I Know how to handle detailed work', 'Realistic'),
(35, 'I like to figure out how machines work, like phones or car engines', 'Realistic'),
(36, 'I Use tools to fix broken objects', 'Realistic'),
(37, 'I enjoy build models from kits, like Knex or Lego', 'Realistic'),
(38, 'I Enjoy outdoor activities like hiking or camping', 'Realistic'),
(39, 'I Conduct experiments in science classes or at home', 'Realistic'),
(40, 'I Participate in hands-on workshops, such as woodworking or metalworking', 'Realistic'),
(41, 'I enjoy creating art and design', 'Artistic'),
(42, 'I like to Create objects: paintings, sculptures', 'Artistic'),
(43, 'I use my imagination freely', 'Artistic'),
(44, 'I like to Play and perform musical instrument', 'Artistic'),
(45, 'I like to write creative stories', 'Artistic'),
(46, 'I enjoy design posters and look for projects that involve art', 'Artistic'),
(47, 'I enjoy sing in a band or chorus or sing', 'Artistic'),
(48, 'I prefer experiment with different art mediums, like digital art or photography', 'Artistic'),
(49, 'I like to participate in theater productions or drama clubs', 'Artistic'),
(50, 'I like to attend art classes or workshops to improve my skills', 'Artistic'),
(51, 'I prefer following set procedures', 'Conventional'),
(52, 'I llike to finish my school projects in an organized manner', 'Conventional'),
(53, 'I prefer follow directions thoroughly to accomplish my goal', 'Conventional'),
(54, 'I will complete each step when doing a project and move to the next step in order', 'Conventional'),
(55, 'I like to organize things in my locker, desk and when starting homework', 'Conventional'),
(56, 'I enjoy develop an organized way to complete a project', 'Conventional'),
(57, 'I Keep a planner or calendar to track assignments and deadlines', 'Conventional'),
(58, 'I Create checklists for tasks to ensure nothing is overlooked.', 'Conventional'),
(59, 'I Maintain a tidy workspace to enhance productivity and focus.', 'Conventional'),
(60, 'I will review and revise work systematically before submission to ensure quality and accuracy.', 'Conventional');

-- --------------------------------------------------------

--
-- Table structure for table `results`
--

CREATE TABLE `results` (
  `id` int(11) NOT NULL,
  `ic` varchar(20) NOT NULL,
  `student_id` int(11) NOT NULL,
  `career_type` varchar(50) NOT NULL
) ENGINE=InnoDB DEFAULT CHARSET=utf8mb4 COLLATE=utf8mb4_general_ci;

--
-- Dumping data for table `results`
--

INSERT INTO `results` (`id`, `ic`, `student_id`, `career_type`) VALUES
(1, '060318551621', 1, 'Artistic'),
(2, '060805043059', 2, 'Social'),
(3, '060419489531', 3, 'Social'),
(4, '062309556131', 4, 'Realistic'),
(5, '060429067099', 5, 'Investigative'),
(6, '060406044529', 6, 'Investigative'),
(7, '060814538989', 7, 'Realistic'),
(8, '060927271327', 8, 'Enterprising'),
(9, '060809349121', 9, 'Conventional'),
(10, '060129825735', 10, 'Artistic'),
(11, '061203563561', 11, 'Social'),
(12, '061106121029', 12, 'Conventional'),
(13, '061010421415', 13, 'Investigative'),
(14, '060407164155', 14, 'Enterprising'),
(15, '060914036996', 15, 'Realistic'),
(16, '061120047872', 16, 'Conventional'),
(17, '060808459212', 17, 'Enterprising'),
(18, '060603472558', 18, 'Enterprising'),
(19, '060724112878', 19, 'Artistic'),
(20, '061130269002', 20, 'Realistic'),
(21, '060517372922', 21, 'Enterprising'),
(22, '061121822746', 22, 'Investigative'),
(23, '061126541242', 23, 'Artistic'),
(24, '060112408478', 24, 'Artistic'),
(25, '060509114062', 25, 'Realistic'),
(26, '060115162287', 26, 'Realistic'),
(27, '060531116545', 27, 'Investigative'),
(28, '060216113795', 28, 'Artistic'),
(29, '060407458323', 29, 'Conventional'),
(30, '066021011306', 30, 'Enterprising'),
(31, '066071745496', 31, 'Social'),
(32, '066092846960', 32, 'Social'),
(33, '066111945487', 33, 'Conventional'),
(34, '066061311924', 34, 'Artistic'),
(35, '066101046371', 35, 'Realistic'),
(36, '060416467119', 36, 'Investigative'),
(37, '060823466539', 37, 'Conventional'),
(38, '060803119969', 38, 'Enterprising'),
(39, '060322114733', 39, 'Artistic'),
(40, '061125088588', 40, 'Artistic'),
(41, '060308374634', 41, 'Conventional'),
(42, '060426388590', 42, 'Realistic'),
(43, '060524382604', 43, 'Enterprising'),
(44, '060431369594', 44, 'Investigative'),
(45, '060822455090', 45, 'Artistic'),
(46, '061017119476', 46, 'Realistic'),
(47, '060519457924', 47, 'Conventional'),
(48, '060525157522', 48, 'Enterprising'),
(49, '060607346096', 49, 'Realistic'),
(50, '060905071752', 50, 'Artistic'),
(51, '060412146189', 51, 'Investigative'),
(52, '060518015178', 52, 'Social'),
(53, '060916027190', 53, 'Enterprising'),
(54, '060101034567', 54, 'Artistic'),
(55, '060315056288', 55, 'Conventional'),
(56, '060401105278', 56, 'Realistic'),
(57, '060601011937', 57, 'Investigative'),
(58, '060312106389', 58, 'Social'),
(59, '060416021834', 59, 'Enterprising'),
(60, '060214123457', 60, 'Artistic'),
(61, '060803145375', 61, 'Conventional'),
(62, '060715015478', 62, 'Realistic'),
(63, '060306101737', 63, 'Investigative'),
(64, '060719013956', 64, 'Social'),
(65, '060501126482', 65, 'Enterprising'),
(66, '060212143853', 66, 'Artistic'),
(67, '060101024466', 67, 'Conventional'),
(68, '060325016584', 68, 'Realistic'),
(69, '060414025578', 69, 'Investigative'),
(70, '060209016680', 70, 'Social'),
(71, '060301145679', 71, 'Enterprising'),
(72, '060719011634', 72, 'Artistic'),
(73, '060413012346', 73, 'Conventional'),
(74, '060204143755', 74, 'Realistic'),
(75, '060814125777', 75, 'Investigative'),
(76, '060112106789', 76, 'Investigative'),
(77, '060518024368', 77, 'Social'),
(78, '060303141533', 78, 'Enterprising'),
(79, '060404015878', 79, 'Artistic'),
(80, '060715103657', 80, 'Conventional'),
(81, '060807092246', 81, 'Realistic'),
(82, '060521147393', 82, 'Investigative'),
(83, '060912014266', 83, 'Social'),
(84, '060716123559', 84, 'Enterprising'),
(85, '060804105978', 85, 'Artistic'),
(86, '060413147491', 86, 'Conventional'),
(87, '060314021334', 87, 'Realistic'),
(88, '060813014167', 88, 'Investigative'),
(89, '060716027594', 89, 'Social'),
(90, '060318123457', 90, 'Enterprising'),
(91, '060612015078', 91, 'Artistic'),
(92, '060615106889', 92, 'Conventional'),
(93, '060710143256', 93, 'Realistic'),
(94, '060317017691', 94, 'Investigative'),
(95, '060918101234', 95, 'Social'),
(96, '060209142145', 96, 'Enterprising'),
(97, '060413026988', 97, 'Artistic'),
(98, '060112124067', 98, 'Conventional'),
(99, '060518024368', 99, 'Enterprising'),
(100, '060112106789', 100, 'Enterprising'),
(207, '', 106, 'Realistic'),
(208, '', 110, 'Social'),
(209, '', 111, 'Artistic');

-- --------------------------------------------------------

--
-- Table structure for table `students`
--

CREATE TABLE `students` (
  `id` int(11) NOT NULL,
  `name` varchar(255) NOT NULL,
  `ic` varchar(20) NOT NULL,
  `gender` enum('Male','Female') NOT NULL,
  `class` varchar(50) NOT NULL,
  `year` int(11) NOT NULL
) ENGINE=InnoDB DEFAULT CHARSET=utf8mb4 COLLATE=utf8mb4_general_ci;

--
-- Dumping data for table `students`
--

INSERT INTO `students` (`id`, `name`, `ic`, `gender`, `class`, `year`) VALUES
(111, 'gigo', '011111111111', 'Male', '5 Nafi', 2024),
(110, 'nurain syuhada', '031215110322', 'Female', '5Nafi\'', 2024),
(106, 'Muhammad Alif Bin Satar', '0322456789', 'Male', '5Nafi\'', 2024),
(67, 'Aina Binti Zainal', '060101024466', 'Female', '5 Abu Amru', 2023),
(54, 'Ahmad Firdaus Bin Hamzah', '060101034567', 'Male', '5 Abu Amru', 2023),
(76, 'Muhammad Danish Bin Fauzi', '060112106789', 'Male', '5 Ibnu Ami', 2023),
(98, 'Ahmad Hakim Bin Zainal', '060112124067', 'Male', '5 Ibnu Ami', 2023),
(24, 'Syasya binti Mahmood', '060112408478', 'Female', '5 Nafi', 2023),
(26, 'Ali bin Abi', '060115162287', 'Male', '5 Ibnu Kat', 2023),
(10, 'Ibrahim bin Azhar', '060129825735', 'Male', '5 Nafi', 2023),
(74, 'Hafiz Bin Abdullah', '060204143755', 'Male', '5 Abu Amru', 2023),
(70, 'Shahira Binti Ibrahim', '060209016680', 'Female', '5 Abu Amru', 2023),
(96, 'Mohd Azri Bin Khalil', '060209142145', 'Male', '5 Ibnu Ami', 2023),
(99, 'Zahra Binti Ali', '060212134578', 'Female', '5 Ibnu Ami', 2023),
(66, 'Muhammad Rizal Bin Hassan', '060212143853', 'Male', '5 Abu Amru', 2023),
(60, 'Farid Bin Abdullah', '060214123457', 'Male', '5 Abu Amru', 2023),
(28, 'Harun bin Isa', '060216113795', 'Male', '5 Ibnu Kat', 2023),
(71, 'Amirul Hakim Bin Khalil', '060301145679', 'Male', '5 Abu Amru', 2023),
(78, 'Mohd Amirul Bin Rahim', '060303141533', 'Male', '5 Ibnu Ami', 2023),
(63, 'Anwar Bin Hassan', '060306101737', 'Male', '5 Abu Amru', 2023),
(41, 'Wani binti Hazim', '060308374634', 'Female', '5 Ibnu Kat', 2023),
(58, 'Harith Bin Khalid', '060312106389', 'Male', '5 Abu Amru', 2023),
(87, 'Siti Hafsah Binti Aziz', '060314021334', 'Female', '5 Ibnu Ami', 2023),
(55, 'Siti Nurul Ain Binti Osman', '060315056288', 'Female', '5 Abu Amru', 2023),
(94, 'Muhammad Iqmal Bin Ismail', '060317017691', 'Male', '5 Ibnu Ami', 2023),
(90, 'Ahmad Faizal Bin Hamzah', '060318123457', 'Male', '5 Ibnu Ami', 2023),
(1, 'Muhammad bin Dani', '060318551621', 'Male', '5 Abu Amru', 2023),
(39, 'Raja bin Long', '060322114733', 'Male', '5 Ibnu Kat', 2023),
(68, 'Siti Khadijah Binti Rahim', '060325016584', 'Female', '5 Abu Amru', 2023),
(56, 'Nur Hidayah Binti Azman', '060401105278', 'Female', '5 Abu Amru', 2023),
(79, 'Siti Aina Binti Osman', '060404015878', 'Female', '5 Ibnu Ami', 2023),
(6, 'Megat bin Ibrahim', '060406044529', 'Male', '5 Nafi', 2023),
(14, 'Omar bin Din', '060407164155', 'Male', '5 Nafi', 2023),
(29, 'Mahmud bin Atar', '060407458323', 'Male', '5 Ibnu Kat', 2023),
(51, 'Muhammad Amirul bin Razak', '060412146189', 'Male', '5 Abu Amru', 2023),
(73, 'Siti Aminah Binti Osman', '060413012346', 'Female', '5 Abu Amru', 2023),
(97, 'Nur Alia Binti Harun', '060413026988', 'Female', '5 Ibnu Ami', 2023),
(86, 'Muhammad Harith Bin Khalid', '060413147491', 'Male', '5 Ibnu Ami', 2023),
(69, 'Noor Azura Binti Mokhtar', '060414025578', 'Female', '5 Abu Amru', 2023),
(59, 'Nabila Binti Salleh', '060416021834', 'Female', '5 Abu Amru', 2023),
(36, 'Jeffri bin Ngah', '060416467119', 'Male', '5 Ibnu Kat', 2023),
(3, 'Bakri bin Daud', '060419489531', 'Male', '5 Nafi', 2023),
(42, 'Laura binti Omar', '060426388590', 'Female', '5 Ibnu Kat', 2023),
(5, 'Hamzah bin Mohamad', '060429067099', 'Male', '5 Nafi', 2023),
(44, 'Siti binti Hamid', '060431369594', 'Female', '5 Ibnu Kat', 2023),
(65, 'Alia Binti Zulkifli', '060501126482', 'Female', '5 Abu Amru', 2023),
(100, 'Daniel Bin Mohamad', '060509022344', 'Male', '5 Ibnu Ami', 2023),
(25, 'Alia binti Zaim', '060509114062', 'Female', '5 Nafi', 2023),
(21, 'Azlina binti Hamzah', '060517372922', 'Female', '5 Nafi', 2023),
(52, 'Aishah Binti Hassan', '060518015178', 'Female', '5 Abu Amru', 2023),
(77, 'Nur Amalina Binti Hassan', '060518024368', 'Female', '5 Ibnu Ami', 2023),
(47, 'Mikayla binti Daaud', '060519457924', 'Female', '5 Ibnu Kat', 2023),
(82, 'Muhammad Hakimi Bin Salleh', '060521147393', 'Male', '5 Ibnu Ami', 2023),
(43, 'Fatimah binti Ahmad', '060524382604', 'Female', '5 Ibnu Kat', 2023),
(48, 'Shahira Binti Saf', '060525157522', 'Female', '5 Ibnu Kat', 2023),
(27, 'Zaim bin Bakar', '060531116545', 'Male', '5 Ibnu Kat', 2023),
(57, 'Fazli Bin Ahmad', '060601011937', 'Male', '5 Abu Amru', 2023),
(18, 'Sri binti Budi', '060603472558', 'Female', '5 Nafi', 2023),
(49, 'Syakiratul binti Naim', '060607346096', 'Female', '5 Ibnu Kat', 2023),
(91, 'Siti Fatimah Binti Hassan', '060612015078', 'Female', '5 Ibnu Ami', 2023),
(92, 'Mohd Luqman Bin Harith', '060615106889', 'Male', '5 Ibnu Ami', 2023),
(93, 'Nur Afiqah Binti Zulkifli', '060710143256', 'Female', '5 Ibnu Ami', 2023),
(62, 'Siti Sarah Binti Rahman', '060715015478', 'Female', '5 Abu Amru', 2023),
(80, 'Ahmad Rizqi Bin Harun', '060715103657', 'Male', '5 Ibnu Ami', 2023),
(89, 'Nurul Izzati Binti Razak', '060716027594', 'Female', '5 Ibnu Ami', 2023),
(84, 'Ahmad Irfan Bin Zaki', '060716123559', 'Male', '5 Ibnu Ami', 2023),
(72, 'Farah Aisyah Binti Osman', '060719011634', 'Female', '5 Abu Amru', 2023),
(64, 'Maisarah Binti Ali', '060719013956', 'Female', '5 Abu Amru', 2023),
(19, 'Cahaya binti Lokman', '060724112878', 'Female', '5 Nafi', 2023),
(38, 'Azri Bin Saiful', '060803119969', 'Male', '5 Ibnu Kat', 2023),
(61, 'Mohd Zaki Bin Ismail', '060803145375', 'Male', '5 Abu Amru', 2023),
(85, 'Nur Aisyah Binti Mohamad', '060804105978', 'Female', '5 Ibnu Ami', 2023),
(2, 'Yusuf bin Adam', '060805043059', 'Male', '5 Nafi', 2023),
(81, 'Nur Farhana Binti Zainuddin', '060807092246', 'Female', '5 Ibnu Ami', 2023),
(17, 'Intan binti Malek', '060808459212', 'Female', '5 Nafi', 2023),
(9, 'Muhyddeen bin Haazim', '060809349121', 'Male', '5 Nafi', 2023),
(88, 'Mohd Faiz Bin Abdullah', '060813014167', 'Male', '5 Ibnu Ami', 2023),
(75, 'Ahmad Zain Bin Yusof', '060814125777', 'Male', '5 Abu Amru', 2023),
(7, 'Adham bin Hamad', '060814538989', 'Male', '5 Nafi', 2023),
(45, 'Zaleha binti Ibrahim', '060822455090', 'Female', '5 Ibnu Kat', 2023),
(37, 'Sulong bin Awang', '060823466539', 'Male', '5 Ibnu Kat', 2023),
(50, 'Mimi bin Lana', '060905071752', 'Male', '5 Ibnu Kat', 2023),
(83, 'Siti Nur Ain Binti Abdullah', '060912014266', 'Female', '5 Ibnu Ami', 2023),
(15, 'Zubaida binti Jawaad', '060914036996', 'Female', '5 Nafi', 2023),
(53, 'Nur Sofia Binti Zainal', '060916027190', 'Female', '5 Abu Amru', 2023),
(95, 'Siti Nursyafiqah Binti Rahman', '060918101234', 'Female', '5 Ibnu Ami', 2023),
(8, 'Ishak bin Dollah', '060927271327', 'Male', '5 Nafi', 2023),
(13, 'Zulkarnain bin Harun', '061010421415', 'Male', '5 Nafi', 2023),
(46, 'Syamira binti Abu', '061017119476', 'Female', '5 Ibnu Kat', 2023),
(12, 'Zainal bin Mohd', '061106121029', 'Male', '5 Nafi', 2023),
(16, 'Aminah binti Siddeeqi', '061120047872', 'Female', '5 Nafi', 2023),
(22, 'Azirah binti Sidek', '061121822746', 'Female', '5 Nafi', 2023),
(40, 'Suriya binti Saleh', '061125088588', 'Female', '5 Ibnu Kat', 2023),
(23, 'Munierah binti Harun', '061126541242', 'Female', '5 Nafi', 2023),
(20, 'Putri binti Haron', '061130269002', 'Female', '5 Nafi', 2023),
(11, 'Yusof bin Abu Bakar', '061203563561', 'Male', '5 Nafi', 2023),
(4, 'Sulaiman bin Ahad', '062309556131', 'Male', '5 Nafi', 2023),
(30, 'Sidek bin Mohd', '066021011306', 'Male', '5 Ibnu Kat', 2023),
(34, 'Haffizul bin Ong', '066061311924', 'Male', '5 Ibnu Kat', 2023),
(31, 'Hafizzudin bin Mat', '066071745496', 'Male', '5 Ibnu Kat', 2023),
(32, 'Aliff bin Ali', '066092846960', 'Male', '5 Ibnu Kat', 2023),
(35, 'Sulaiman bin Jakfar', '066101046371', 'Male', '5 Ibnu Kat', 2023),
(33, 'Afiq bin Azhar', '066111945487', 'Male', '5 Ibnu Kat', 2023);

-- --------------------------------------------------------

--
-- Table structure for table `teachers`
--

CREATE TABLE `teachers` (
  `id` int(11) NOT NULL,
  `staff_id` varchar(50) NOT NULL,
  `password` varchar(255) NOT NULL
) ENGINE=InnoDB DEFAULT CHARSET=utf8mb4 COLLATE=utf8mb4_general_ci;

--
-- Dumping data for table `teachers`
--

INSERT INTO `teachers` (`id`, `staff_id`, `password`) VALUES
(1, 'T001', 'password123');

--
-- Indexes for dumped tables
--

--
-- Indexes for table `answers`
--
ALTER TABLE `answers`
  ADD PRIMARY KEY (`id`),
  ADD KEY `student_id` (`student_id`),
  ADD KEY `question_id` (`question_id`);

--
-- Indexes for table `career_detail`
--
ALTER TABLE `career_detail`
  ADD UNIQUE KEY `job_title` (`job`);

--
-- Indexes for table `career_personality`
--
ALTER TABLE `career_personality`
  ADD PRIMARY KEY (`job`);

--
-- Indexes for table `questions`
--
ALTER TABLE `questions`
  ADD PRIMARY KEY (`id`);

--
-- Indexes for table `results`
--
ALTER TABLE `results`
  ADD PRIMARY KEY (`id`),
  ADD KEY `ic` (`ic`) USING BTREE;

--
-- Indexes for table `students`
--
ALTER TABLE `students`
  ADD PRIMARY KEY (`ic`),
  ADD UNIQUE KEY `ic` (`ic`),
  ADD UNIQUE KEY `id` (`id`);

--
-- Indexes for table `teachers`
--
ALTER TABLE `teachers`
  ADD PRIMARY KEY (`id`),
  ADD UNIQUE KEY `staff_id` (`staff_id`);

--
-- AUTO_INCREMENT for dumped tables
--

--
-- AUTO_INCREMENT for table `answers`
--
ALTER TABLE `answers`
  MODIFY `id` int(11) NOT NULL AUTO_INCREMENT, AUTO_INCREMENT=2523;

--
-- AUTO_INCREMENT for table `questions`
--
ALTER TABLE `questions`
  MODIFY `id` int(11) NOT NULL AUTO_INCREMENT, AUTO_INCREMENT=66;

--
-- AUTO_INCREMENT for table `results`
--
ALTER TABLE `results`
  MODIFY `id` int(11) NOT NULL AUTO_INCREMENT, AUTO_INCREMENT=211;

--
-- AUTO_INCREMENT for table `students`
--
ALTER TABLE `students`
  MODIFY `id` int(11) NOT NULL AUTO_INCREMENT, AUTO_INCREMENT=115;

--
-- AUTO_INCREMENT for table `teachers`
--
ALTER TABLE `teachers`
  MODIFY `id` int(11) NOT NULL AUTO_INCREMENT, AUTO_INCREMENT=2;

--
-- Constraints for dumped tables
--

--
-- Constraints for table `answers`
--
ALTER TABLE `answers`
  ADD CONSTRAINT `answers_ibfk_2` FOREIGN KEY (`question_id`) REFERENCES `questions` (`id`) ON DELETE CASCADE,
  ADD CONSTRAINT `fk_answers_student` FOREIGN KEY (`student_id`) REFERENCES `students` (`id`) ON DELETE CASCADE;
COMMIT;

/*!40101 SET CHARACTER_SET_CLIENT=@OLD_CHARACTER_SET_CLIENT */;
/*!40101 SET CHARACTER_SET_RESULTS=@OLD_CHARACTER_SET_RESULTS */;
/*!40101 SET COLLATION_CONNECTION=@OLD_COLLATION_CONNECTION */;
